Year,Avg_Daily_Construction_Wage_INR,Labor_Wage_Index_2010_Base,Labor_Wage_Inflation_YoY_Pct
2005,110.0,50.0,
2006,125.0,56.8,13.636363636363647
2007,142.0,64.5,13.59999999999999
2008,165.0,75.0,16.19718309859155
2009,190.0,86.4,15.15151515151516
2010,220.0,100.0,15.789473684210531
2011,255.0,115.9,15.909090909090917
2012,295.0,134.1,15.686274509803933
2013,340.0,154.5,15.254237288135597
2014,385.0,175.0,13.235294117647056
2015,425.0,193.2,10.389610389610393
2016,465.0,211.4,9.411764705882364
2017,505.0,229.5,8.602150537634401
2018,545.0,247.7,7.920792079207928
2019,585.0,265.9,7.339449541284404
2020,620.0,281.8,5.982905982905984
2021,665.0,302.3,7.258064516129026
2022,720.0,327.3,8.270676691729317
2023,780.0,354.5,8.333333333333325
2024,840.0,381.8,7.692307692307687
2025,895.0,406.8,6.547619047619047
2026,950.0,431.8,6.145251396648055
