Year,Avg_Land_Acquisition_Cost_Lakh_Per_Ha,Land_Compensation_Multiplier_Statutory,Land_Cost_YoY_Inflation_Pct
2005,12.5,1.0,
2006,15.0,1.0,19.999999999999996
2007,18.2,1.0,21.333333333333336
2008,22.0,1.0,20.879120879120894
2009,26.5,1.0,20.45454545454546
2010,32.0,1.0,20.75471698113207
2011,38.5,1.0,20.3125
2012,46.0,1.0,19.480519480519476
2013,55.0,1.0,19.565217391304344
2014,92.0,2.5,67.27272727272727
2015,115.0,2.5,25.0
2016,138.0,2.5,19.999999999999996
2017,165.0,2.5,19.565217391304344
2018,195.0,2.5,18.181818181818187
2019,230.0,2.5,17.948717948717952
2020,260.0,2.5,13.043478260869556
2021,290.0,2.5,11.538461538461542
2022,330.0,2.5,13.793103448275868
2023,375.0,2.5,13.636363636363647
2024,420.0,2.5,12.00000000000001
2025,465.0,2.5,10.71428571428572
2026,510.0,2.5,9.677419354838701
