proposal_no,project_id,project_name,state,district,sector,stage_code,stage_name,department,days_pending,benchmark_days,status,eds_ads_raised_count,last_query,environmental_sensitivity,diversion_forest_ha,is_stagnated
FP/MH/ROAD/54201/2024,PRJ-NH-2026-089,Bharatmala Express Highway Expansion (Package 4),Maharashtra,Pune - Raigad,Highways & Transport,FOREST_CLEARANCE,Forest Clearance (Stage-I & Stage-II),MoEFCC Regional Office & State Forest Nodal Dept,210,120,LOOPBACK,3,Discrepancy in Compensatory Afforestation (CA) land mutation non-encumbrance certificate between DFO Pune and NHAI PIU.,HIGH,42.5,True
WL/MH/INFRA/1092/2024,PRJ-NH-2026-089,Bharatmala Express Highway Expansion (Package 4),Maharashtra,Pune - Raigad,Highways & Transport,WILDLIFE_CLEARANCE,Wildlife Clearance (NBWL Standing Committee),National Board for Wildlife & State Chief Wildlife Warden,75,90,IN_REVIEW,0,Site specific wildlife mitigation plan submitted to Wildlife Institute of India (WII).,CRITICAL,12.3,False
IA/MH/INFRA/45821/2024,PRJ-NH-2026-089,Bharatmala Express Highway Expansion (Package 4),Maharashtra,Pune - Raigad,Highways & Transport,ENVIRONMENT_CLEARANCE,Environmental Clearance (EIA/MoEFCC),"EAC Ministry of Environment, Forest & Climate Change",100,105,APPRAISAL_SCHEDULED,1,Public hearing summary compliance matrix uploaded to Parivesh portal.,MEDIUM,0.0,False
LA/MH/REV/88219/2023,PRJ-NH-2026-089,Bharatmala Express Highway Expansion (Package 4),Maharashtra,Pune - Raigad,Highways & Transport,LAND_RFCTLARR,Land Acquisition Handover (RFCTLARR 2013),District Revenue Collectorate (CALA),240,180,QUERY_RAISED,2,Gram Sabha consent compensation disbursement stalled across 3 villages over market rate multiplication factor.,HIGH,0.0,True
UT/MH/TRANS/33102/2024,PRJ-NH-2026-089,Bharatmala Express Highway Expansion (Package 4),Maharashtra,Pune - Raigad,Highways & Transport,UTILITY_ROW,Railways / Defense / Utility Shifting,State Electricity Transmission Board (MSETCL),45,60,IN_REVIEW,0,400kV line shutdown clearance scheduled for Q3.,LOW,0.0,False
FP/UP/RLY/12099/2024,PRJ-RLY-2026-104,Eastern Dedicated Freight Corridor (EDFC Detour),Uttar Pradesh,Chandauli - Sonbhadra,Railways,FOREST_CLEARANCE,Forest Clearance (Stage-I & Stage-II),MoEFCC Regional Office Lucknow,110,120,IN_REVIEW,1,Tree enumeration report verified by Divisional Forest Officer.,MEDIUM,18.2,False
LA/UP/REV/99104/2024,PRJ-RLY-2026-104,Eastern Dedicated Freight Corridor (EDFC Detour),Uttar Pradesh,Chandauli - Sonbhadra,Railways,LAND_RFCTLARR,Land Acquisition Handover (RFCTLARR 2013),District Magistrate / Competent Authority Land Acquisition,95,180,IN_REVIEW,0,Section 20E notification gazetted; award determination underway.,MEDIUM,0.0,False
FP/KA/METRO/33412/2024,PRJ-METRO-2026-031,Bengaluru Metro Phase-2B Airport Link (ORR-Hebbal),Karnataka,Bengaluru Urban,Urban Mass Rapid Transit,FOREST_CLEARANCE,Forest Clearance / Tree Officer Permission,BBMP Forest Cell & Tree Expert Committee,195,90,LOOPBACK,4,High Court tree committee re-enumeration report returned with 42 queries on translocated saplings.,HIGH,5.8,True
UT/KA/BWSSB/77102/2024,PRJ-METRO-2026-031,Bengaluru Metro Phase-2B Airport Link (ORR-Hebbal),Karnataka,Bengaluru Urban,Urban Mass Rapid Transit,UTILITY_ROW,Water Pipeline & Underground Utility Shifting,BWSSB & BESCOM Urban Nodal Cell,140,60,QUERY_RAISED,2,Major water trunk line realignment budget apportionment disputed.,MEDIUM,0.0,True
