State,Year,Monsoon_Rainfall_Departure_Pct,Rainfall_Category
Uttar Pradesh,2005,2.3,Normal
Uttar Pradesh,2006,-1.3,Normal
Uttar Pradesh,2007,9.3,Normal
Uttar Pradesh,2008,8.3,Normal
Uttar Pradesh,2009,-21.1,Deficient (<-20%)
Uttar Pradesh,2010,0.4,Normal
Uttar Pradesh,2011,11.7,Normal
Uttar Pradesh,2012,-1.4,Normal
Uttar Pradesh,2013,2.0,Normal
Uttar Pradesh,2014,-7.2,Normal
Uttar Pradesh,2015,-15.9,Normal
Uttar Pradesh,2016,-5.5,Normal
Uttar Pradesh,2017,-3.2,Normal
Uttar Pradesh,2018,-20.9,Deficient (<-20%)
Uttar Pradesh,2019,-1.9,Normal
Uttar Pradesh,2020,4.2,Normal
Uttar Pradesh,2021,-7.2,Normal
Uttar Pradesh,2022,7.9,Normal
Uttar Pradesh,2023,-10.9,Normal
Uttar Pradesh,2024,-2.3,Normal
Uttar Pradesh,2025,11.3,Normal
Maharashtra,2005,-2.8,Normal
Maharashtra,2006,-0.1,Normal
Maharashtra,2007,-1.9,Normal
Maharashtra,2008,-5.9,Normal
Maharashtra,2009,-27.6,Deficient (<-20%)
Maharashtra,2010,-4.8,Normal
Maharashtra,2011,4.5,Normal
Maharashtra,2012,-13.1,Normal
Maharashtra,2013,5.4,Normal
Maharashtra,2014,-19.4,Normal
Maharashtra,2015,-6.6,Normal
Maharashtra,2016,-3.7,Normal
Maharashtra,2017,-13.8,Normal
Maharashtra,2018,-6.9,Normal
Maharashtra,2019,5.6,Normal
Maharashtra,2020,12.7,Normal
Maharashtra,2021,-13.6,Normal
Maharashtra,2022,-0.2,Normal
Maharashtra,2023,-6.0,Normal
Maharashtra,2024,14.7,Normal
Maharashtra,2025,3.7,Normal
Gujarat,2005,-1.7,Normal
Gujarat,2006,-2.3,Normal
Gujarat,2007,-4.5,Normal
Gujarat,2008,-6.3,Normal
Gujarat,2009,-22.6,Deficient (<-20%)
Gujarat,2010,8.8,Normal
Gujarat,2011,3.7,Normal
Gujarat,2012,-17.8,Normal
Gujarat,2013,7.1,Normal
Gujarat,2014,-13.2,Normal
Gujarat,2015,-17.3,Normal
Gujarat,2016,1.5,Normal
Gujarat,2017,1.9,Normal
Gujarat,2018,-2.4,Normal
Gujarat,2019,3.9,Normal
Gujarat,2020,5.8,Normal
Gujarat,2021,1.5,Normal
Gujarat,2022,12.2,Normal
Gujarat,2023,-8.2,Normal
Gujarat,2024,5.6,Normal
Gujarat,2025,-5.4,Normal
Karnataka,2005,-8.7,Normal
Karnataka,2006,4.9,Normal
Karnataka,2007,13.9,Normal
Karnataka,2008,-2.1,Normal
Karnataka,2009,-13.1,Normal
Karnataka,2010,4.2,Normal
Karnataka,2011,-2.8,Normal
Karnataka,2012,-4.0,Normal
Karnataka,2013,15.0,Normal
Karnataka,2014,-10.9,Normal
Karnataka,2015,-2.7,Normal
Karnataka,2016,-19.5,Normal
Karnataka,2017,0.6,Normal
Karnataka,2018,-7.9,Normal
Karnataka,2019,7.4,Normal
Karnataka,2020,8.4,Normal
Karnataka,2021,-13.5,Normal
Karnataka,2022,4.4,Normal
Karnataka,2023,-2.7,Normal
Karnataka,2024,16.4,Normal
Karnataka,2025,-1.6,Normal
Tamil Nadu,2005,-6.2,Normal
Tamil Nadu,2006,-3.6,Normal
Tamil Nadu,2007,11.1,Normal
Tamil Nadu,2008,0.5,Normal
Tamil Nadu,2009,-23.1,Deficient (<-20%)
Tamil Nadu,2010,5.2,Normal
Tamil Nadu,2011,2.1,Normal
Tamil Nadu,2012,-0.1,Normal
Tamil Nadu,2013,0.5,Normal
Tamil Nadu,2014,-12.8,Normal
Tamil Nadu,2015,-15.4,Normal
Tamil Nadu,2016,-12.0,Normal
Tamil Nadu,2017,-2.8,Normal
Tamil Nadu,2018,-6.8,Normal
Tamil Nadu,2019,9.4,Normal
Tamil Nadu,2020,6.3,Normal
Tamil Nadu,2021,-9.8,Normal
Tamil Nadu,2022,3.1,Normal
Tamil Nadu,2023,-7.3,Normal
Tamil Nadu,2024,1.6,Normal
Tamil Nadu,2025,0.8,Normal
West Bengal,2005,1.7,Normal
West Bengal,2006,11.9,Normal
West Bengal,2007,6.3,Normal
West Bengal,2008,0.1,Normal
West Bengal,2009,-20.1,Deficient (<-20%)
West Bengal,2010,-10.6,Normal
West Bengal,2011,1.3,Normal
West Bengal,2012,-6.0,Normal
West Bengal,2013,21.1,Excess (>+20%)
West Bengal,2014,-12.0,Normal
West Bengal,2015,-10.9,Normal
West Bengal,2016,-2.7,Normal
West Bengal,2017,-12.4,Normal
West Bengal,2018,-1.0,Normal
West Bengal,2019,14.2,Normal
West Bengal,2020,13.0,Normal
West Bengal,2021,-6.5,Normal
West Bengal,2022,15.0,Normal
West Bengal,2023,-14.2,Normal
West Bengal,2024,10.7,Normal
West Bengal,2025,16.0,Normal
Bihar,2005,-7.3,Normal
Bihar,2006,-4.0,Normal
Bihar,2007,5.8,Normal
Bihar,2008,-4.9,Normal
Bihar,2009,-29.7,Deficient (<-20%)
Bihar,2010,2.3,Normal
Bihar,2011,-5.5,Normal
Bihar,2012,-3.3,Normal
Bihar,2013,-0.9,Normal
Bihar,2014,-0.6,Normal
Bihar,2015,-18.0,Normal
Bihar,2016,-4.6,Normal
Bihar,2017,0.5,Normal
Bihar,2018,-16.5,Normal
Bihar,2019,10.8,Normal
Bihar,2020,16.3,Normal
Bihar,2021,-11.1,Normal
Bihar,2022,7.1,Normal
Bihar,2023,-3.4,Normal
Bihar,2024,11.9,Normal
Bihar,2025,-6.2,Normal
Andhra Pradesh,2005,-9.5,Normal
Andhra Pradesh,2006,3.0,Normal
Andhra Pradesh,2007,7.1,Normal
Andhra Pradesh,2008,0.0,Normal
Andhra Pradesh,2009,-17.4,Normal
Andhra Pradesh,2010,-2.5,Normal
Andhra Pradesh,2011,2.9,Normal
Andhra Pradesh,2012,-4.5,Normal
Andhra Pradesh,2013,0.4,Normal
Andhra Pradesh,2014,1.4,Normal
Andhra Pradesh,2015,-9.8,Normal
Andhra Pradesh,2016,-10.3,Normal
Andhra Pradesh,2017,-0.5,Normal
Andhra Pradesh,2018,-14.8,Normal
Andhra Pradesh,2019,14.5,Normal
Andhra Pradesh,2020,15.4,Normal
Andhra Pradesh,2021,-6.0,Normal
Andhra Pradesh,2022,12.1,Normal
Andhra Pradesh,2023,-2.4,Normal
Andhra Pradesh,2024,12.2,Normal
Andhra Pradesh,2025,14.1,Normal
Telangana,2005,-2.5,Normal
Telangana,2006,-5.3,Normal
Telangana,2007,-0.7,Normal
Telangana,2008,-6.9,Normal
Telangana,2009,-20.1,Deficient (<-20%)
Telangana,2010,4.1,Normal
Telangana,2011,3.2,Normal
Telangana,2012,-1.0,Normal
Telangana,2013,5.1,Normal
Telangana,2014,-1.3,Normal
Telangana,2015,-14.6,Normal
Telangana,2016,15.2,Normal
Telangana,2017,-0.7,Normal
Telangana,2018,-14.0,Normal
Telangana,2019,2.4,Normal
Telangana,2020,11.0,Normal
Telangana,2021,-2.1,Normal
Telangana,2022,10.5,Normal
Telangana,2023,-2.0,Normal
Telangana,2024,6.4,Normal
Telangana,2025,-3.7,Normal
Madhya Pradesh,2005,-10.7,Normal
Madhya Pradesh,2006,-3.3,Normal
Madhya Pradesh,2007,10.7,Normal
Madhya Pradesh,2008,-0.2,Normal
Madhya Pradesh,2009,-27.7,Deficient (<-20%)
Madhya Pradesh,2010,3.0,Normal
Madhya Pradesh,2011,3.9,Normal
Madhya Pradesh,2012,-12.1,Normal
Madhya Pradesh,2013,6.0,Normal
Madhya Pradesh,2014,-10.3,Normal
Madhya Pradesh,2015,-20.3,Deficient (<-20%)
Madhya Pradesh,2016,-0.2,Normal
Madhya Pradesh,2017,-1.1,Normal
Madhya Pradesh,2018,-1.4,Normal
Madhya Pradesh,2019,16.2,Normal
Madhya Pradesh,2020,-1.1,Normal
Madhya Pradesh,2021,-6.7,Normal
Madhya Pradesh,2022,9.2,Normal
Madhya Pradesh,2023,-1.7,Normal
Madhya Pradesh,2024,10.2,Normal
Madhya Pradesh,2025,26.8,Excess (>+20%)
Rajasthan,2005,2.8,Normal
Rajasthan,2006,7.0,Normal
Rajasthan,2007,11.3,Normal
Rajasthan,2008,2.6,Normal
Rajasthan,2009,-21.7,Deficient (<-20%)
Rajasthan,2010,6.8,Normal
Rajasthan,2011,-3.6,Normal
Rajasthan,2012,-7.9,Normal
Rajasthan,2013,1.9,Normal
Rajasthan,2014,-10.2,Normal
Rajasthan,2015,2.2,Normal
Rajasthan,2016,-14.7,Normal
Rajasthan,2017,-0.3,Normal
Rajasthan,2018,-18.9,Normal
Rajasthan,2019,6.3,Normal
Rajasthan,2020,14.9,Normal
Rajasthan,2021,-0.2,Normal
Rajasthan,2022,-1.2,Normal
Rajasthan,2023,-9.7,Normal
Rajasthan,2024,11.3,Normal
Rajasthan,2025,-2.9,Normal
Punjab,2005,0.5,Normal
Punjab,2006,-0.1,Normal
Punjab,2007,0.9,Normal
Punjab,2008,12.3,Normal
Punjab,2009,-15.5,Normal
Punjab,2010,-11.3,Normal
Punjab,2011,2.7,Normal
Punjab,2012,-10.7,Normal
Punjab,2013,10.6,Normal
Punjab,2014,-15.9,Normal
Punjab,2015,-13.6,Normal
Punjab,2016,0.8,Normal
Punjab,2017,0.9,Normal
Punjab,2018,-16.3,Normal
Punjab,2019,7.2,Normal
Punjab,2020,4.7,Normal
Punjab,2021,-4.9,Normal
Punjab,2022,17.3,Normal
Punjab,2023,-2.4,Normal
Punjab,2024,-1.4,Normal
Punjab,2025,7.8,Normal
Haryana,2005,12.9,Normal
Haryana,2006,6.4,Normal
Haryana,2007,-4.7,Normal
Haryana,2008,-4.8,Normal
Haryana,2009,-11.4,Normal
Haryana,2010,-2.7,Normal
Haryana,2011,4.3,Normal
Haryana,2012,-1.4,Normal
Haryana,2013,-1.0,Normal
Haryana,2014,-11.1,Normal
Haryana,2015,-33.9,Deficient (<-20%)
Haryana,2016,-9.2,Normal
Haryana,2017,-6.4,Normal
Haryana,2018,-16.6,Normal
Haryana,2019,20.0,Normal
Haryana,2020,-1.5,Normal
Haryana,2021,-3.5,Normal
Haryana,2022,6.7,Normal
Haryana,2023,4.3,Normal
Haryana,2024,-2.5,Normal
Haryana,2025,9.4,Normal
Odisha,2005,-0.8,Normal
Odisha,2006,-6.7,Normal
Odisha,2007,8.1,Normal
Odisha,2008,-0.3,Normal
Odisha,2009,-23.5,Deficient (<-20%)
Odisha,2010,2.3,Normal
Odisha,2011,-1.1,Normal
Odisha,2012,-5.7,Normal
Odisha,2013,9.3,Normal
Odisha,2014,-0.4,Normal
Odisha,2015,-20.9,Deficient (<-20%)
Odisha,2016,11.3,Normal
Odisha,2017,-17.5,Normal
Odisha,2018,-9.4,Normal
Odisha,2019,13.2,Normal
Odisha,2020,9.7,Normal
Odisha,2021,-4.7,Normal
Odisha,2022,4.5,Normal
Odisha,2023,-8.2,Normal
Odisha,2024,3.0,Normal
Odisha,2025,7.3,Normal
Kerala,2005,1.0,Normal
Kerala,2006,-5.0,Normal
Kerala,2007,13.3,Normal
Kerala,2008,-0.3,Normal
Kerala,2009,-23.1,Deficient (<-20%)
Kerala,2010,6.8,Normal
Kerala,2011,-3.3,Normal
Kerala,2012,-12.9,Normal
Kerala,2013,12.1,Normal
Kerala,2014,-11.5,Normal
Kerala,2015,-18.7,Normal
Kerala,2016,-2.9,Normal
Kerala,2017,1.4,Normal
Kerala,2018,-16.1,Normal
Kerala,2019,17.1,Normal
Kerala,2020,10.0,Normal
Kerala,2021,-2.3,Normal
Kerala,2022,15.6,Normal
Kerala,2023,-1.9,Normal
Kerala,2024,15.2,Normal
Kerala,2025,11.1,Normal
Assam,2005,-1.2,Normal
Assam,2006,3.9,Normal
Assam,2007,5.4,Normal
Assam,2008,-0.2,Normal
Assam,2009,-29.2,Deficient (<-20%)
Assam,2010,3.4,Normal
Assam,2011,5.9,Normal
Assam,2012,-14.5,Normal
Assam,2013,20.9,Excess (>+20%)
Assam,2014,-22.0,Deficient (<-20%)
Assam,2015,-26.5,Deficient (<-20%)
Assam,2016,3.9,Normal
Assam,2017,-1.7,Normal
Assam,2018,-8.2,Normal
Assam,2019,17.6,Normal
Assam,2020,11.2,Normal
Assam,2021,-6.7,Normal
Assam,2022,8.9,Normal
Assam,2023,-11.7,Normal
Assam,2024,16.2,Normal
Assam,2025,1.6,Normal
Jharkhand,2005,-6.3,Normal
Jharkhand,2006,-2.4,Normal
Jharkhand,2007,7.8,Normal
Jharkhand,2008,-5.3,Normal
Jharkhand,2009,-25.0,Deficient (<-20%)
Jharkhand,2010,3.5,Normal
Jharkhand,2011,3.0,Normal
Jharkhand,2012,-9.7,Normal
Jharkhand,2013,2.0,Normal
Jharkhand,2014,-9.2,Normal
Jharkhand,2015,-22.3,Deficient (<-20%)
Jharkhand,2016,-11.7,Normal
Jharkhand,2017,-9.4,Normal
Jharkhand,2018,-9.8,Normal
Jharkhand,2019,11.4,Normal
Jharkhand,2020,17.4,Normal
Jharkhand,2021,4.9,Normal
Jharkhand,2022,4.8,Normal
Jharkhand,2023,-5.2,Normal
Jharkhand,2024,0.3,Normal
Jharkhand,2025,1.7,Normal
Chhattisgarh,2005,-2.8,Normal
Chhattisgarh,2006,1.7,Normal
Chhattisgarh,2007,-0.2,Normal
Chhattisgarh,2008,1.8,Normal
Chhattisgarh,2009,-9.7,Normal
Chhattisgarh,2010,1.2,Normal
Chhattisgarh,2011,4.1,Normal
Chhattisgarh,2012,-1.9,Normal
Chhattisgarh,2013,2.4,Normal
Chhattisgarh,2014,-9.3,Normal
Chhattisgarh,2015,-12.8,Normal
Chhattisgarh,2016,-1.9,Normal
Chhattisgarh,2017,-9.8,Normal
Chhattisgarh,2018,-8.3,Normal
Chhattisgarh,2019,12.6,Normal
Chhattisgarh,2020,17.3,Normal
Chhattisgarh,2021,5.6,Normal
Chhattisgarh,2022,19.8,Normal
Chhattisgarh,2023,-10.0,Normal
Chhattisgarh,2024,12.5,Normal
Chhattisgarh,2025,3.0,Normal
Himachal Pradesh,2005,12.9,Normal
Himachal Pradesh,2006,-5.8,Normal
Himachal Pradesh,2007,2.0,Normal
Himachal Pradesh,2008,-6.2,Normal
Himachal Pradesh,2009,-42.1,Deficient (<-20%)
Himachal Pradesh,2010,-0.7,Normal
Himachal Pradesh,2011,-2.9,Normal
Himachal Pradesh,2012,-8.3,Normal
Himachal Pradesh,2013,9.5,Normal
Himachal Pradesh,2014,-3.3,Normal
Himachal Pradesh,2015,-12.4,Normal
Himachal Pradesh,2016,-7.4,Normal
Himachal Pradesh,2017,-12.7,Normal
Himachal Pradesh,2018,-9.0,Normal
Himachal Pradesh,2019,4.9,Normal
Himachal Pradesh,2020,23.2,Excess (>+20%)
Himachal Pradesh,2021,6.8,Normal
Himachal Pradesh,2022,5.4,Normal
Himachal Pradesh,2023,-18.4,Normal
Himachal Pradesh,2024,18.7,Normal
Himachal Pradesh,2025,1.9,Normal
Uttarakhand,2005,6.7,Normal
Uttarakhand,2006,-10.9,Normal
Uttarakhand,2007,3.5,Normal
Uttarakhand,2008,-2.3,Normal
Uttarakhand,2009,-28.0,Deficient (<-20%)
Uttarakhand,2010,-0.2,Normal
Uttarakhand,2011,6.1,Normal
Uttarakhand,2012,-16.2,Normal
Uttarakhand,2013,6.4,Normal
Uttarakhand,2014,-14.7,Normal
Uttarakhand,2015,-15.2,Normal
Uttarakhand,2016,1.0,Normal
Uttarakhand,2017,-14.2,Normal
Uttarakhand,2018,-22.2,Deficient (<-20%)
Uttarakhand,2019,21.8,Excess (>+20%)
Uttarakhand,2020,13.5,Normal
Uttarakhand,2021,-5.8,Normal
Uttarakhand,2022,18.5,Normal
Uttarakhand,2023,-6.5,Normal
Uttarakhand,2024,17.5,Normal
Uttarakhand,2025,3.0,Normal
Jammu and Kashmir,2005,12.5,Normal
Jammu and Kashmir,2006,11.0,Normal
Jammu and Kashmir,2007,3.5,Normal
Jammu and Kashmir,2008,4.7,Normal
Jammu and Kashmir,2009,-15.4,Normal
Jammu and Kashmir,2010,10.8,Normal
Jammu and Kashmir,2011,-4.8,Normal
Jammu and Kashmir,2012,-1.9,Normal
Jammu and Kashmir,2013,11.9,Normal
Jammu and Kashmir,2014,-22.1,Deficient (<-20%)
Jammu and Kashmir,2015,-20.6,Deficient (<-20%)
Jammu and Kashmir,2016,-15.8,Normal
Jammu and Kashmir,2017,-6.5,Normal
Jammu and Kashmir,2018,-3.8,Normal
Jammu and Kashmir,2019,19.1,Normal
Jammu and Kashmir,2020,8.3,Normal
Jammu and Kashmir,2021,10.0,Normal
Jammu and Kashmir,2022,-3.1,Normal
Jammu and Kashmir,2023,-16.1,Normal
Jammu and Kashmir,2024,6.5,Normal
Jammu and Kashmir,2025,4.3,Normal
Delhi,2005,-1.1,Normal
Delhi,2006,-13.8,Normal
Delhi,2007,4.6,Normal
Delhi,2008,-10.1,Normal
Delhi,2009,-15.3,Normal
Delhi,2010,4.3,Normal
Delhi,2011,-4.7,Normal
Delhi,2012,-9.7,Normal
Delhi,2013,-1.8,Normal
Delhi,2014,-11.1,Normal
Delhi,2015,-6.7,Normal
Delhi,2016,-8.9,Normal
Delhi,2017,-1.5,Normal
Delhi,2018,-11.9,Normal
Delhi,2019,4.2,Normal
Delhi,2020,7.1,Normal
Delhi,2021,-7.4,Normal
Delhi,2022,2.3,Normal
Delhi,2023,-12.8,Normal
Delhi,2024,19.6,Normal
Delhi,2025,2.0,Normal
Manipur,2005,-5.4,Normal
Manipur,2006,1.0,Normal
Manipur,2007,4.4,Normal
Manipur,2008,-3.1,Normal
Manipur,2009,-15.6,Normal
Manipur,2010,6.8,Normal
Manipur,2011,-2.0,Normal
Manipur,2012,-10.1,Normal
Manipur,2013,3.3,Normal
Manipur,2014,-25.7,Deficient (<-20%)
Manipur,2015,-22.7,Deficient (<-20%)
Manipur,2016,6.4,Normal
Manipur,2017,5.9,Normal
Manipur,2018,-10.1,Normal
Manipur,2019,13.1,Normal
Manipur,2020,9.9,Normal
Manipur,2021,19.4,Normal
Manipur,2022,13.1,Normal
Manipur,2023,-5.9,Normal
Manipur,2024,0.6,Normal
Manipur,2025,-8.6,Normal
Meghalaya,2005,0.4,Normal
Meghalaya,2006,-5.3,Normal
Meghalaya,2007,-4.1,Normal
Meghalaya,2008,-5.8,Normal
Meghalaya,2009,-26.7,Deficient (<-20%)
Meghalaya,2010,12.9,Normal
Meghalaya,2011,7.2,Normal
Meghalaya,2012,-6.4,Normal
Meghalaya,2013,14.7,Normal
Meghalaya,2014,-10.2,Normal
Meghalaya,2015,-18.5,Normal
Meghalaya,2016,7.4,Normal
Meghalaya,2017,-1.3,Normal
Meghalaya,2018,-15.2,Normal
Meghalaya,2019,8.1,Normal
Meghalaya,2020,2.1,Normal
Meghalaya,2021,-9.6,Normal
Meghalaya,2022,11.9,Normal
Meghalaya,2023,7.4,Normal
Meghalaya,2024,-2.3,Normal
Meghalaya,2025,5.5,Normal
Mizoram,2005,-5.1,Normal
Mizoram,2006,-3.5,Normal
Mizoram,2007,1.3,Normal
Mizoram,2008,-7.2,Normal
Mizoram,2009,-19.3,Normal
Mizoram,2010,-3.5,Normal
Mizoram,2011,3.2,Normal
Mizoram,2012,-6.7,Normal
Mizoram,2013,3.5,Normal
Mizoram,2014,-16.6,Normal
Mizoram,2015,-16.6,Normal
Mizoram,2016,2.4,Normal
Mizoram,2017,-1.5,Normal
Mizoram,2018,-14.8,Normal
Mizoram,2019,10.0,Normal
Mizoram,2020,12.7,Normal
Mizoram,2021,-11.5,Normal
Mizoram,2022,9.4,Normal
Mizoram,2023,-9.3,Normal
Mizoram,2024,10.5,Normal
Mizoram,2025,-3.2,Normal
Nagaland,2005,-12.6,Normal
Nagaland,2006,-10.9,Normal
Nagaland,2007,5.4,Normal
Nagaland,2008,0.1,Normal
Nagaland,2009,-25.5,Deficient (<-20%)
Nagaland,2010,6.0,Normal
Nagaland,2011,-9.4,Normal
Nagaland,2012,-6.8,Normal
Nagaland,2013,-2.8,Normal
Nagaland,2014,-14.9,Normal
Nagaland,2015,-12.6,Normal
Nagaland,2016,-8.1,Normal
Nagaland,2017,-7.3,Normal
Nagaland,2018,-1.9,Normal
Nagaland,2019,5.6,Normal
Nagaland,2020,13.3,Normal
Nagaland,2021,-8.0,Normal
Nagaland,2022,9.3,Normal
Nagaland,2023,4.3,Normal
Nagaland,2024,-9.2,Normal
Nagaland,2025,-3.4,Normal
Tripura,2005,2.9,Normal
Tripura,2006,-1.7,Normal
Tripura,2007,7.5,Normal
Tripura,2008,-5.5,Normal
Tripura,2009,-19.1,Normal
Tripura,2010,0.9,Normal
Tripura,2011,9.0,Normal
Tripura,2012,-4.7,Normal
Tripura,2013,7.2,Normal
Tripura,2014,-13.4,Normal
Tripura,2015,-16.0,Normal
Tripura,2016,-5.3,Normal
Tripura,2017,-2.2,Normal
Tripura,2018,-11.2,Normal
Tripura,2019,11.2,Normal
Tripura,2020,21.3,Excess (>+20%)
Tripura,2021,5.0,Normal
Tripura,2022,3.7,Normal
Tripura,2023,2.8,Normal
Tripura,2024,4.2,Normal
Tripura,2025,-11.4,Normal
Arunachal Pradesh,2005,-7.5,Normal
Arunachal Pradesh,2006,-12.5,Normal
Arunachal Pradesh,2007,2.8,Normal
Arunachal Pradesh,2008,-1.5,Normal
Arunachal Pradesh,2009,-8.7,Normal
Arunachal Pradesh,2010,4.0,Normal
Arunachal Pradesh,2011,0.0,Normal
Arunachal Pradesh,2012,-1.0,Normal
Arunachal Pradesh,2013,-9.3,Normal
Arunachal Pradesh,2014,-9.2,Normal
Arunachal Pradesh,2015,-7.9,Normal
Arunachal Pradesh,2016,-12.1,Normal
Arunachal Pradesh,2017,2.7,Normal
Arunachal Pradesh,2018,-6.3,Normal
Arunachal Pradesh,2019,6.7,Normal
Arunachal Pradesh,2020,11.9,Normal
Arunachal Pradesh,2021,14.1,Normal
Arunachal Pradesh,2022,7.0,Normal
Arunachal Pradesh,2023,-3.4,Normal
Arunachal Pradesh,2024,3.9,Normal
Arunachal Pradesh,2025,-3.7,Normal
Goa,2005,4.5,Normal
Goa,2006,-5.9,Normal
Goa,2007,5.6,Normal
Goa,2008,-4.7,Normal
Goa,2009,-16.5,Normal
Goa,2010,4.1,Normal
Goa,2011,8.2,Normal
Goa,2012,-9.7,Normal
Goa,2013,3.3,Normal
Goa,2014,-17.1,Normal
Goa,2015,-15.8,Normal
Goa,2016,-0.1,Normal
Goa,2017,0.2,Normal
Goa,2018,-14.5,Normal
Goa,2019,15.0,Normal
Goa,2020,16.6,Normal
Goa,2021,2.1,Normal
Goa,2022,18.0,Normal
Goa,2023,-10.1,Normal
Goa,2024,-1.3,Normal
Goa,2025,-9.8,Normal
Sikkim,2005,8.8,Normal
Sikkim,2006,3.9,Normal
Sikkim,2007,4.8,Normal
Sikkim,2008,0.2,Normal
Sikkim,2009,-26.9,Deficient (<-20%)
Sikkim,2010,17.8,Normal
Sikkim,2011,2.3,Normal
Sikkim,2012,-5.7,Normal
Sikkim,2013,9.8,Normal
Sikkim,2014,-7.6,Normal
Sikkim,2015,-11.4,Normal
Sikkim,2016,-7.7,Normal
Sikkim,2017,-1.7,Normal
Sikkim,2018,3.8,Normal
Sikkim,2019,18.1,Normal
Sikkim,2020,18.2,Normal
Sikkim,2021,-4.0,Normal
Sikkim,2022,-0.6,Normal
Sikkim,2023,-5.9,Normal
Sikkim,2024,7.2,Normal
Sikkim,2025,8.9,Normal
Andaman and Nicobar Islands,2005,4.2,Normal
Andaman and Nicobar Islands,2006,-8.1,Normal
Andaman and Nicobar Islands,2007,12.5,Normal
Andaman and Nicobar Islands,2008,6.8,Normal
Andaman and Nicobar Islands,2009,-18.4,Normal
Andaman and Nicobar Islands,2010,22.3,Excess (>20%)
Andaman and Nicobar Islands,2011,9.1,Normal
Andaman and Nicobar Islands,2012,-6.4,Normal
Andaman and Nicobar Islands,2013,14.2,Normal
Andaman and Nicobar Islands,2014,-11.7,Normal
Andaman and Nicobar Islands,2015,-14.2,Normal
Andaman and Nicobar Islands,2016,3.5,Normal
Andaman and Nicobar Islands,2017,8.7,Normal
Andaman and Nicobar Islands,2018,-5.2,Normal
Andaman and Nicobar Islands,2019,21.6,Excess (>20%)
Andaman and Nicobar Islands,2020,16.4,Normal
Andaman and Nicobar Islands,2021,11.2,Normal
Andaman and Nicobar Islands,2022,-4.8,Normal
Andaman and Nicobar Islands,2023,-12.1,Normal
Andaman and Nicobar Islands,2024,15.3,Normal
Andaman and Nicobar Islands,2025,7.6,Normal
Puducherry,2005,18.5,Normal
Puducherry,2006,-12.3,Normal
Puducherry,2007,8.4,Normal
Puducherry,2008,24.1,Excess (>20%)
Puducherry,2009,-14.6,Normal
Puducherry,2010,21.8,Excess (>20%)
Puducherry,2011,15.2,Normal
Puducherry,2012,-23.4,Deficient (<-20%)
Puducherry,2013,-8.7,Normal
Puducherry,2014,-16.2,Normal
Puducherry,2015,28.6,Excess (>20%)
Puducherry,2016,-32.4,Deficient (<-20%)
Puducherry,2017,6.8,Normal
Puducherry,2018,-18.2,Normal
Puducherry,2019,11.4,Normal
Puducherry,2020,23.5,Excess (>20%)
Puducherry,2021,29.1,Excess (>20%)
Puducherry,2022,4.3,Normal
Puducherry,2023,-7.5,Normal
Puducherry,2024,12.8,Normal
Puducherry,2025,5.9,Normal
Ladakh,2005,-6.2,Normal
Ladakh,2006,2.1,Normal
Ladakh,2007,-11.4,Normal
Ladakh,2008,-4.8,Normal
Ladakh,2009,-22.5,Deficient (<-20%)
Ladakh,2010,34.2,Excess (>20%)
Ladakh,2011,8.3,Normal
Ladakh,2012,-14.1,Normal
Ladakh,2013,5.6,Normal
Ladakh,2014,-18.9,Normal
Ladakh,2015,12.4,Normal
Ladakh,2016,-15.7,Normal
Ladakh,2017,-8.3,Normal
Ladakh,2018,6.2,Normal
Ladakh,2019,14.8,Normal
Ladakh,2020,-9.4,Normal
Ladakh,2021,-12.1,Normal
Ladakh,2022,19.5,Normal
Ladakh,2023,8.4,Normal
Ladakh,2024,-4.2,Normal
Ladakh,2025,1.8,Normal
Lakshadweep,2005,6.4,Normal
Lakshadweep,2006,-9.8,Normal
Lakshadweep,2007,15.2,Normal
Lakshadweep,2008,3.1,Normal
Lakshadweep,2009,-24.3,Deficient (<-20%)
Lakshadweep,2010,19.4,Normal
Lakshadweep,2011,7.8,Normal
Lakshadweep,2012,-12.6,Normal
Lakshadweep,2013,11.5,Normal
Lakshadweep,2014,-15.1,Normal
Lakshadweep,2015,-8.4,Normal
Lakshadweep,2016,-19.2,Normal
Lakshadweep,2017,22.8,Excess (>20%)
Lakshadweep,2018,18.3,Normal
Lakshadweep,2019,27.6,Excess (>20%)
Lakshadweep,2020,14.1,Normal
Lakshadweep,2021,21.2,Excess (>20%)
Lakshadweep,2022,-6.5,Normal
Lakshadweep,2023,-11.8,Normal
Lakshadweep,2024,8.9,Normal
Lakshadweep,2025,4.7,Normal
Dadra and Nagar Haveli and Daman and Diu,2005,14.2,Normal
Dadra and Nagar Haveli and Daman and Diu,2006,22.5,Excess (>20%)
Dadra and Nagar Haveli and Daman and Diu,2007,-3.8,Normal
Dadra and Nagar Haveli and Daman and Diu,2008,-8.4,Normal
Dadra and Nagar Haveli and Daman and Diu,2009,-26.1,Deficient (<-20%)
Dadra and Nagar Haveli and Daman and Diu,2010,11.4,Normal
Dadra and Nagar Haveli and Daman and Diu,2011,6.2,Normal
Dadra and Nagar Haveli and Daman and Diu,2012,-16.5,Normal
Dadra and Nagar Haveli and Daman and Diu,2013,18.9,Normal
Dadra and Nagar Haveli and Daman and Diu,2014,-14.2,Normal
Dadra and Nagar Haveli and Daman and Diu,2015,-18.7,Normal
Dadra and Nagar Haveli and Daman and Diu,2016,4.8,Normal
Dadra and Nagar Haveli and Daman and Diu,2017,7.2,Normal
Dadra and Nagar Haveli and Daman and Diu,2018,-5.6,Normal
Dadra and Nagar Haveli and Daman and Diu,2019,28.4,Excess (>20%)
Dadra and Nagar Haveli and Daman and Diu,2020,19.1,Normal
Dadra and Nagar Haveli and Daman and Diu,2021,8.7,Normal
Dadra and Nagar Haveli and Daman and Diu,2022,12.3,Normal
Dadra and Nagar Haveli and Daman and Diu,2023,-8.9,Normal
Dadra and Nagar Haveli and Daman and Diu,2024,16.4,Normal
Dadra and Nagar Haveli and Daman and Diu,2025,6.1,Normal
Chandigarh,2005,-4.8,Normal
Chandigarh,2006,-11.2,Normal
Chandigarh,2007,5.4,Normal
Chandigarh,2008,16.8,Normal
Chandigarh,2009,-28.4,Deficient (<-20%)
Chandigarh,2010,24.6,Excess (>20%)
Chandigarh,2011,8.1,Normal
Chandigarh,2012,-21.3,Deficient (<-20%)
Chandigarh,2013,12.4,Normal
Chandigarh,2014,-26.5,Deficient (<-20%)
Chandigarh,2015,-14.8,Normal
Chandigarh,2016,-9.2,Normal
Chandigarh,2017,3.5,Normal
Chandigarh,2018,18.2,Normal
Chandigarh,2019,-6.4,Normal
Chandigarh,2020,11.7,Normal
Chandigarh,2021,-8.5,Normal
Chandigarh,2022,4.2,Normal
Chandigarh,2023,31.8,Excess (>20%)
Chandigarh,2024,-12.6,Normal
Chandigarh,2025,2.4,Normal

