State,Election_Year
Uttar Pradesh,2002
Uttar Pradesh,2007
Uttar Pradesh,2012
Uttar Pradesh,2017
Uttar Pradesh,2022
Maharashtra,2004
Maharashtra,2009
Maharashtra,2014
Maharashtra,2019
Maharashtra,2024
Gujarat,2002
Gujarat,2007
Gujarat,2012
Gujarat,2017
Gujarat,2022
Karnataka,2004
Karnataka,2008
Karnataka,2013
Karnataka,2018
Karnataka,2023
Tamil Nadu,2001
Tamil Nadu,2006
Tamil Nadu,2011
Tamil Nadu,2016
Tamil Nadu,2021
Tamil Nadu,2026
West Bengal,2001
West Bengal,2006
West Bengal,2011
West Bengal,2016
West Bengal,2021
West Bengal,2026
Bihar,2005
Bihar,2010
Bihar,2015
Bihar,2020
Bihar,2025
Andhra Pradesh,2004
Andhra Pradesh,2009
Andhra Pradesh,2014
Andhra Pradesh,2019
Andhra Pradesh,2024
Telangana,2014
Telangana,2018
Telangana,2023
Madhya Pradesh,2003
Madhya Pradesh,2008
Madhya Pradesh,2013
Madhya Pradesh,2018
Madhya Pradesh,2023
Rajasthan,2003
Rajasthan,2008
Rajasthan,2013
Rajasthan,2018
Rajasthan,2023
Punjab,2002
Punjab,2007
Punjab,2012
Punjab,2017
Punjab,2022
Haryana,2000
Haryana,2005
Haryana,2009
Haryana,2014
Haryana,2019
Haryana,2024
Odisha,2004
Odisha,2009
Odisha,2014
Odisha,2019
Odisha,2024
Kerala,2001
Kerala,2006
Kerala,2011
Kerala,2016
Kerala,2021
Kerala,2026
Assam,2001
Assam,2006
Assam,2011
Assam,2016
Assam,2021
Assam,2026
Jharkhand,2005
Jharkhand,2009
Jharkhand,2014
Jharkhand,2019
Jharkhand,2024
Chhattisgarh,2003
Chhattisgarh,2008
Chhattisgarh,2013
Chhattisgarh,2018
Chhattisgarh,2023
Himachal Pradesh,2003
Himachal Pradesh,2007
Himachal Pradesh,2012
Himachal Pradesh,2017
Himachal Pradesh,2022
Uttarakhand,2002
Uttarakhand,2007
Uttarakhand,2012
Uttarakhand,2017
Uttarakhand,2022
Jammu and Kashmir,2002
Jammu and Kashmir,2008
Jammu and Kashmir,2014
Jammu and Kashmir,2024
Delhi,2003
Delhi,2008
Delhi,2013
Delhi,2015
Delhi,2020
Delhi,2025
Manipur,2002
Manipur,2007
Manipur,2012
Manipur,2017
Manipur,2022
Meghalaya,2003
Meghalaya,2008
Meghalaya,2013
Meghalaya,2018
Meghalaya,2023
Mizoram,2003
Mizoram,2008
Mizoram,2013
Mizoram,2018
Mizoram,2023
Nagaland,2003
Nagaland,2008
Nagaland,2013
Nagaland,2018
Nagaland,2023
Tripura,2003
Tripura,2008
Tripura,2013
Tripura,2018
Tripura,2023
Arunachal Pradesh,2004
Arunachal Pradesh,2009
Arunachal Pradesh,2014
Arunachal Pradesh,2019
Arunachal Pradesh,2024
Goa,2002
Goa,2007
Goa,2012
Goa,2017
Goa,2022
Sikkim,2004
Sikkim,2009
Sikkim,2014
Sikkim,2019
Sikkim,2024
