Year,WPI_All_Commodities,WPI_Cement_Lime_Plaster,WPI_Iron_Steel_Structural,WPI_Fuel_Bitumen_HighSpeedDiesel,WPI_Construction_Basket,Construction_Inflation_YoY
2005,73.2,68.4,71.0,62.5,67.67,
2006,77.9,75.1,78.4,68.2,74.35,9.871434904684495
2007,81.6,84.3,86.2,74.0,81.97,10.248823133826512
2008,89.1,89.2,98.4,84.1,91.35,11.44321093082834
2009,92.5,93.8,88.5,82.4,88.25999999999999,-3.3825944170771782
2010,100.0,97.4,96.2,94.0,95.9,8.65624291864946
2011,100.0,100.0,100.0,100.0,100.0,4.2752867570385655
2012,107.3,108.2,104.8,109.5,107.22999999999999,7.229999999999981
2013,112.5,112.1,102.1,118.4,109.99000000000001,2.5739065560011376
2014,113.9,114.7,101.4,114.2,109.22999999999999,-0.6909719065369746
2015,109.7,113.2,88.7,86.4,95.36,-12.69797674631511
2016,111.6,114.5,92.4,82.1,95.94,0.6082214765100735
2017,114.9,117.8,107.5,91.5,105.79,10.26683343756516
2018,119.8,122.4,120.4,108.4,117.4,10.974572265809623
2019,121.8,126.9,112.1,102.1,113.53999999999999,-3.287904599659297
2020,121.8,128.5,115.8,93.4,112.89,-0.5724854676765867
2021,139.4,133.2,158.4,132.5,143.07,26.733988838692536
2022,152.1,142.1,172.9,155.8,158.53,10.80589921017685
2023,151.4,140.8,156.2,148.2,149.18,-5.897937298933953
2024,153.2,143.5,154.8,151.0,150.26999999999998,0.7306609465075553
2025,155.8,145.2,158.0,154.5,153.10999999999999,1.889931456711258
2026,158.4,147.0,161.2,157.0,155.68,1.6785317745412032
