contractor_id,agency_name,category,rating_class,past_arbitration_count,disputed_variation_value_cr,historical_legal_stays,total_active_contract_value_cr,completed_projects_count,financial_solvency_rating,blacklisting_risk_flag,litigation_exposure_index,primary_dispute_triggers
CTR-LT-001,Larsen & Toubro Limited (L&T),Heavy Civil & Mega Transport Infrastructure,Class-1A Super,28,3450.0,3,47500.0,312,AAA,0,22.4,"DFCCIL Substructure Design Approval Latency, Underground Metro Geological Surprises"
CTR-DBL-002,Dilip Buildcon Limited (DBL),"Highways, Expressways & Tunnels",Class-1A Super,14,890.0,1,16200.0,145,A+,0,48.6,"HAM Annuity Milestone Certification Stalls, Forest Diversion RoW Handover Lag"
CTR-AFCONS-003,Afcons Infrastructure Limited,"Marine, Bridges & Complex Tunnelling",Class-1A Super,19,1820.0,2,22400.0,185,AA-,0,38.2,"CRZ Clearances Delay, Marine Geotechnical Scope Variation under FIDIC Yellow Book"
CTR-TATA-004,Tata Projects Limited,"Industrial, Urban Rail & Power EPC",Class-1A Super,11,760.0,1,19800.0,160,AA+,0,26.5,"High-Voltage Corridor Tree Trimming Right of Way, GAD Approvals from Zonal Railways"
CTR-HCC-005,Hindustan Construction Company Ltd (HCC),"Hydel Power, Barrages & Nuclear EPC",Class-1A,34,4850.0,8,9200.0,220,BBB-,0,76.8,"Geological Surprise Claims in Himalayan Tunnelling, Delayed Milestone Invoices"
CTR-NCC-006,NCC Limited (Nagarjuna),"Water Supply, Industrial Buildings & Transport",Class-1A Super,16,1120.0,2,18400.0,178,AA-,0,41.0,"State Jal Nigam Pipeline Trenching Permits, Steel/Cement Price Escalation Capping"
CTR-RVNL-007,Rail Vikas Nigam Limited (RVNL),"Railways EPC, Track Doubling & Electrification",Class-1A Super,8,420.0,0,31000.0,195,AAA,0,14.8,"Interlocking Signal Commissioning Delays, CRS Safety Inspection Scheduling"
CTR-IRCON-008,IRCON International Limited,"High-Speed Rail, International & Highway EPC",Class-1A Super,9,510.0,0,26500.0,210,AAA,0,16.2,"Subgrade Soil Stabilization Variances, Rolling Stock Maintenance Facility Approvals"
CTR-GRINFRA-009,G R Infraprojects Limited,"Highways, Runways & Railway Overhead",Class-1A Super,7,380.0,1,14900.0,120,AA,0,28.4,Tollway Commercial Operation Date (COD) Certification Delay by Independent Engineer
CTR-PNC-010,PNC Infratech Limited,"Expressways, Runways & Bridges",Class-1A Super,6,290.0,0,13800.0,115,AA,0,24.1,"Staggered Land Delivery under EPC Clause 8.2, Bitumen Import Price Inflation"
CTR-KNR-011,KNR Constructions Limited,"Highways, Irrigation & Flyovers",Class-1A,5,210.0,0,11200.0,98,AA,0,19.8,"Canal Lining Water Flow Disruption Claims, Borrow Area Mining Royalty Queries"
CTR-ASHOKA-012,Ashoka Buildcon Limited,"BOT Highways, Power Distribution & Bridges",Class-1A,12,680.0,2,12600.0,130,AA-,0,35.6,"BOT Toll Fee Revenue Compensation under Concession Agreement, Utility Encroachments"
CTR-JKUMAR-013,J. Kumar Infraprojects Limited,"Underground Metro Tunnels, Flyovers & Piling",Class-1A,10,540.0,1,11800.0,105,A+,0,33.2,"Urban Traffic Police Night Block Stoppages, Under-Street Water Mains Shifting Claims"
CTR-PATEL-014,Patel Engineering Limited,"Hydroelectric Dam Spills, Tunnels & Heavy Civil",Class-1A,22,2150.0,4,8900.0,140,BBB,0,62.4,"Cloudburst & Flash Flood Force Majeure Claims, Penstock Steel Thickness Scope Change"
CTR-ITD-015,ITD Cementation India Limited,"Port Breakwaters, Deep Foundation & Geotechnical",Class-1A,13,820.0,1,13400.0,125,A+,0,37.8,"Dredging Quantity Sounding Discrepancies, Port Trust Berth Handover Delay"
CTR-NBCC-016,NBCC (India) Limited,"Public Infrastructure, Hospitals & Redevelopment",Class-1A Super,15,640.0,3,28000.0,240,AAA,0,29.5,"Municipal Heritage Zone NGT Construction Bans, Sub-Contractor Insolvency Cascade"
CTR-BHEL-017,Bharat Heavy Electricals Limited (BHEL),"Boiler, Turbine & Supercritical Power Plant EPC",Class-1A Super,26,3100.0,2,35000.0,350,AA,0,34.0,"Flue Gas Desulphurization (FGD) Emission Retrofit Deadline Disputes, Turbine Vibrations"
CTR-MEIL-018,Megha Engineering & Infrastructures Ltd (MEIL),"Lift Irrigation, High-Altitude Tunnels & Refinery",Class-1A Super,18,2400.0,2,38000.0,190,AA,0,36.4,"Zojila Tunnel Sub-Zero Concreting Overhead Claims, Pump-House Delivery Stalls"
CTR-HGINFRA-019,H.G. Infra Engineering Limited,"Highways, Flyovers & Grade Separators",Class-1A,4,170.0,0,9800.0,85,AA-,0,21.2,Delayed Tree Felling Transit Pass Issuance by Divisional Forest Officer
CTR-WELSPUN-020,Welspun Enterprises Limited,Water Supply Distribution & Highway HAM,Class-1A,6,260.0,0,8200.0,72,A+,0,25.8,Jal Jeevan Mission Pipe Laying Village Panchayat Right of Way Objections
CTR-IRB-021,IRB Infrastructure Developers Ltd,"Tollway Concessions, BOT & Expressway EPC",Class-1A Super,21,1950.0,3,21000.0,110,A+,0,44.5,"Toll Plaza Fee Exemption Claims during Farmer Agitations, Competing Route Claims"
CTR-AHLUWALIA-022,Ahluwalia Contracts (India) Limited,"AIIMS Hospitals, Metro Stations & Airports",Class-1A,7,280.0,1,9400.0,135,AA-,0,27.2,"Hospital Medical Gas Pipeline Specification Change Orders, HVAC Commissioning Hold"
CTR-CAPACITE-023,Capacit'e Infraprojects Limited,High-Rise Institutional & Commercial Superstructures,Class-1 Special,9,310.0,2,7800.0,68,BBB+,0,42.0,"Architectural Facade Wind Tunnel Design Variations, Structural Steel Cost Pass-Through"
CTR-RAMKY-024,Ramky Infrastructure Limited,"Waste Management, Water Treatment & Industrial Parks",Class-1 Special,17,720.0,3,5400.0,88,BBB,0,54.2,Effluent Treatment Plant Discharge Standards Revision by State Pollution Control Board
CTR-GAYATRI-025,Gayatri Projects Limited (Under IBC Resolution),Highways & Irrigation (Stressed/Default),Class-1 Debarred,29,2890.0,7,1800.0,110,D,1,94.6,"NCLT Insolvency Proceedings, Bank Guarantee Encashment Court Injunctions, Contractor Abandonment"
CTR-PUNJ-026,Punj Lloyd Limited (In Liquidation),Hydrocarbon Pipelines & Process Plants (Insolvent),Class-1 Debarred,31,3600.0,9,950.0,140,D,1,98.2,"Liquidator Asset Sale Stays, Unfinished Cross-Country Gas Pipeline Forfeiture Claims"
CTR-SIMPLEX-027,Simplex Infrastructures Limited,"Piling, Industrial Plants & Bridges (Debt Resolution)",Class-1 Stressed,27,2100.0,6,3200.0,175,D,1,89.0,"Lender Consortia ICA Standstill, Flyover Girder Erection Stoppages due to Working Capital Freeze"
CTR-SADBHAV-028,Sadbhav Engineering Limited,Highways & Mining Overburden (Stressed),Class-1 Stressed,18,1450.0,5,4100.0,95,BB-,1,79.4,"HAM Asset Monetization Debt Default, Unfinished Pavement Resurfacing Penalties"
CTR-KALPATARU-029,Kalpataru Projects International Limited (KPIL),"Extra High Voltage Transmission, Railways & Urban Infra",Class-1A Super,11,690.0,1,23500.0,210,AA,0,28.0,"Forest Canopy Tower Foundation RoW Compensation, Railway Traction Substation Clearances"
CTR-KEC-030,KEC International Limited (RPG Group),"Transmission Towers, Railway Electrification & Solar EPC",Class-1A Super,10,610.0,1,21800.0,225,AA-,0,26.8,"Right of Way Crop Compensation Claims by Landowners, Tower Footing Geological Discrepancy"
