Date,Brent Crude Oil (USD/barrel),Brent Crude Oil (USD/barrel) (YoY Change %),Copper Futures (USD/lb),Copper Futures (USD/lb) (YoY Change %),Gold Futures (USD/oz),Gold Futures (USD/oz) (YoY Change %),USD/INR Exchange Rate,USD/INR Exchange Rate (YoY Change %),NIFTY 50,NIFTY 50 (YoY Change %),NIFTY Infrastructure Index,NIFTY Infrastructure Index (YoY Change %),US 10-Year Treasury Yield (proxy for global rates),US 10-Year Treasury Yield (proxy for global rates) (YoY Change %),iShares MSCI India ETF,iShares MSCI India ETF (YoY Change %),Steel Proxy: MT,Steel Proxy: MT (YoY Change %),Cement Proxy: ULTRACEMCO.NS,Cement Proxy: ULTRACEMCO.NS (YoY Change %),Bitumen/Fuel Proxy: Indian Oil,Bitumen/Fuel Proxy: Indian Oil (YoY Change %),NIFTY BeES ETF,NIFTY BeES ETF (YoY Change %)
2021-12-30 18:30:00+00:00,,,,,,,,,17523.432906936814,,5004.605506310096,,,,,,,,7236.821466131525,,60.95618011139251,,189.22813214312544,
2021-12-31 00:00:00+00:00,,,,,,,74.54969691226357,,,,,,,,,,,,,,,,,
2021-12-31 05:00:00+00:00,78.00836911408797,,4.348815233811088,,1791.7467279848845,,,,,,,,,,45.56782846865447,,29.148201382678486,,,,,,,
2021-12-31 06:00:00+00:00,,,,,,,,,,,,,1.4771304337874702,,,,,,,,,,,
2022-12-30 18:30:00+00:00,,,,,,,,,17245.430463237146,-1.5864610842868498,5003.025497374747,-0.03157109852828244,,,,,,,6284.22053577054,-13.163250396865223,60.663638976312455,-0.47992038632581613,187.614596397646,-0.8526933745025889
2022-12-31 00:00:00+00:00,,,,,,,78.57705098665677,5.402240708145256,,,,,,,,,,,,,,,,
2022-12-31 05:00:00+00:00,98.96633461272098,26.866303880782063,4.003735054061707,-7.935038882922829,1800.0681269064366,0.4644294191574083,,,,,,,,,42.47664918937531,-6.783687928876281,25.416339897064574,-12.803059223515579,,,,,,
2022-12-31 06:00:00+00:00,,,,,,,,,,,,,2.9568366519958373,100.17437758792175,,,,,,,,,,
2023-12-30 18:30:00+00:00,,,,,,,,,18900.59127072704,9.597677547210392,5775.999172911352,15.45012464841944,,,,,,,7776.877580915178,23.752461210555143,76.51011480214645,26.121868211733258,207.78371420101243,10.750292456253408
2023-12-31 00:00:00+00:00,,,,,,,82.57708666874812,5.09059023196301,,,,,,,,,,,,,,,,
2023-12-31 05:00:00+00:00,82.19043816798236,-16.951114245451983,3.8530258913914044,-3.76421418089119,1942.769197265625,7.927537198518797,,,,,,,,,42.52436036682129,0.11232330787975808,25.645842346191408,0.9029720646493988,,,,,,
2023-12-31 06:00:00+00:00,,,,,,,,,,,,,3.965036003112793,34.097228551209646,,,,,,,,,,
2024-12-30 18:30:00+00:00,,,,,,,,,23493.810340447155,24.30198613328052,8676.846291463884,50.22242960416459,,,,,,,10428.334496474847,34.094106381029675,147.07840700847348,92.23393846528025,261.30528550807054,25.75830907290486
2024-12-31 00:00:00+00:00,,,,,,,83.67036295301132,1.3239463008047236,,,,,,,,,,,,,,,,
2024-12-31 05:00:00+00:00,79.8213096194797,-2.8824868212292354,4.220531740831951,9.53811004129621,2390.006343296596,23.020601040022683,,,,,,,,,53.526092165992374,25.871598547911255,24.134346651652503,-5.893726063411497,,,,,,
2024-12-31 06:00:00+00:00,,,,,,,,,,,,,4.207134919507163,6.105844088283363,,,,,,,,,,
2025-12-30 18:30:00+00:00,,,,,,,,,24575.60808860442,4.6046074795063285,8911.841304640056,2.7082998278689763,,,,,,,11468.309166352912,9.972586420483687,134.64719274436612,-8.452100153213626,276.3202003971223,5.746119853587106
2025-12-31 00:00:00+00:00,,,,,,,87.1473529088358,4.155581299171773,,,,,,,,,,,,,,,,
2025-12-31 05:00:00+00:00,68.10154755910237,-14.682497839545883,4.824819438041202,14.317809563259786,3447.3484090169272,44.24013637812831,,,,,,,,,52.8276800994873,-1.304806755440302,32.60180174255371,35.08466673292534,,,,,,
2025-12-31 06:00:00+00:00,,,,,,,,,,,,,4.286335998535156,1.8825419327714643,,,,,,,,,,
2026-12-30 18:30:00+00:00,,,,,,,,,24350.057984175954,-0.9177803601655432,9284.07024540792,4.176790497537897,,,,,,,11597.17974209045,1.1237103383612501,147.6201763271545,9.63479692251601,276.1843116760254,-0.04917799020903724
2026-12-31 00:00:00+00:00,,,,,,,93.71212188355223,7.532952815656713,,,,,,,,,,,,,,,,
2026-12-31 05:00:00+00:00,87.41612505912781,28.361436989758793,6.076071861386299,25.933663205707134,4570.817486572266,32.589368530804094,,,,,,,,,49.838812589645386,-5.657767867551932,61.10511186122894,87.42863460049541,,,,,,
2026-12-31 06:00:00+00:00,,,,,,,,,,,,,4.381412479281425,2.2181294415267727,,,,,,,,,,
