paimana_idx,project_id,project_name,state,sector,fc_status,confidence,match_reason,name_similarity,fc_proposal_no,fc_proposal_name,fc_area_ha,fc_proposal_status
1099,618037,Rehabilitation and Up-gradation of existin of road from 2-lane to 2-lane with paved shoulders from km. 0.00 to km 53.590 total length-53.590 km of Raychoti to Vempalli section of NH-440 in the State of Andhra Pradesh on EPC mode.,Andhra Pradesh,Roads & Highways,APPROVED,71,NH match: {'NH-440'},65.31645569620252,FP/AP/ROAD/150396/2021,Widening to two lane with paved shoulders of Rayachoty - Vempalli section of newly declared NH-440 from km 0/0 to 53/600 in the state of Andhra Pradesh under EPC mode,0.76,APPROVED
1250,618073,Improvement to Two lane with Paved Shoulder from Junction of NH22 near Hajipur to Junction of NH -122 at Bachhwara via Mahnar and Mohiuddin Nagar from Km 0.00 to Km 29.730 of NH 122 B in the State of Bihar.,Bihar,Roads & Highways,IN-PRINCIPLE,72,"NH match: {'NH-22', 'NH-122'}",80.78817733990148,FP/BR/ROAD/129045/2021,Forest Clearance for Two Laning with paved shoulder of stretch from Junction of NH-22 near Hazipur to junction of NH-122 at Bachhwara via Mahanar and Mohiuddin Nagar of NH- 122 B (Ch. 0.000 to Ch 72.9,97.3934,IN-PRINCIPLE
1406,618879,Rehabilitation and Upgradation to 2L PS configuration & Strengthening of Padhar to Bijni section from Km 180.000 to Km 202.815 of NH-154 Pkg-VA,Himachal Pradesh,Roads & Highways,APPROVED,88,NH match: {'NH-154'}; KM overlap: 100%,61.88340807174888,FP/HP/ROAD/154466/2022,Diversion of 19.5896 Ha. Forest land for Rehabilitation and Upgradation to Two lane with paved shoulder configuration & Strengthening of Padhar to  Bijni (Package-VA) from Km 180.00 to Km 202.815 (Design Length 19.050 km) of NH-20 (New NH-154) of Pathankot-Mandi Section in the state of Himachal Pradesh.,19.5896,APPROVED
1407,618878,Rehabilitation and Upgradation to 4L configuration & Strengthening of Sihuni to Rajol  from Km 51.000 to Km 72.000 of NH-154 Package-IIA,Himachal Pradesh,Roads & Highways,APPROVED,88,NH match: {'NH-154'}; KM overlap: 100%,61.057692307692314,FP/HP/ROAD/152261/2022,Diversion of 7.2834 Ha. Forest land for Rehabilitation and Upgradation to Four Lane configuration & Strengthening of Sihuni to Rajol from Km 51.00 to Km 72.00 (Package IIA) (Design Length 18.450 km) of NH-20 (New NH-154) of Pathankot-Mandi Section in the state of Himachal Pradesh.,7.2834,APPROVED
1409,619003,Solan - Kaithlighat Section of NH-22 Now NH-5 from Km. 106.139 to Km.129.05,Himachal Pradesh,Roads & Highways,APPROVED,76,NH match: {'NH-22'}; KM overlap: 100%,29.166666666666664,FP/HP/ROAD/145994/2021,Diversion of 0.9036 hectare Forest land (between R/D 117+350 to R/D 117+530 under village Srinagar and R/D 127+530 to R/D 127+680 under Village Katoh) Four laning of Solan-Kaithlighat of NH-22 (New NH-05) from km 106.139 to km 129.050 under NHDP Phase-III on EPC mode pattern in the State of Himachal Pradesh.,0.9036,APPROVED
1461,618947,4L of NH-80 from km 215.00 to km 260.00 Mirza Chauki to Farkka Pkg-I,Jharkhand,Roads & Highways,APPROVED,77,NH match: {'NH-80'}; KM overlap: 95%,47.86324786324786,FP/JH/ROAD/36700/2018,4 lanning of NH-80 From  design km. 215.000 to km 257.718 (Existing km 215.000 to km. 260) of the section from Mirzachauki to Farakka in the state of jharkhand (pKg-1),4.3973,APPROVED
1474,619005,Construction of bypass around Chatra Town on NH-22 old NH-99 in the state of Jharkhand under EPC Mode,Jharkhand,Roads & Highways,Pending With-SG for verifying Compliance of Conditions,75,"NH match: {'NH-22', 'NH-99'}",95.09803921568627,FP/JH/ROAD/146786/2021,Construction of bypass around Chatra town on NH-22 (Old NH-99) in the state of Jharkhand under EPC Mode,64.0849,Pending With-SG for verifying Compliance of Conditions
1733,619203,Vadape to Thane from km 539.202 to km 563.000 section of NH-3 new NH-848,Maharashtra,Roads & Highways,APPROVED,83,"NH match: {'NH-3', 'NH-848'}; KM overlap: 100%",41.81818181818182,FP/MH/ROAD/148827/2021,Diversion of 14.613 Ha. Forest Land in favour of NHAI for Construction of Eight laning of existing Four lane Vadape to Thane from Km. 539.202 to Km. 563.000 section of NH 3 (New NH-848) in the State of Maharashtra to be executed on Hybrid Annuity Mode (HAM).,14.613,APPROVED
1881,618024,Up-gradation to two lane with paved shoulder configuration of NH-354 Section Arifkes-Ferozepur-Muktsar-Malaut from Km 201.500 to Km 212.500 & Km 229.690 to Km 269.960 and strengthening of existing pavement from Km 212.500 to Km 229.690 excluding Km 218.500 to 223.690 of NH-354 on EPC Mode in the State of Punjab. Job No. NH-354-PB-2020-21-532,Punjab,Roads & Highways,APPROVED,84,NH match: {'NH-354'}; KM overlap: 100%,53.67965367965368,FP/PB/ROAD/144279/2021,Diversion of 41.4498 ha (Dive. 29.19125 Ha. from Km 201.500 to 212.500 and fro Km 229.690 to 253.540 under DFO ferozpur) and (Div. 12.2573 ha. from Km 253.540 to 269.960 under DFO muktsar) forest land for Up gradation of 2 Lane with Paved shoulders Configuration of NH -354 section Arifke - Ferozpur - Shri Muktsar Sahib - Malaut from 201.500 to Km 2,41.4498,APPROVED
1882,618023,Work of Widening/upgradation of 2-Lane with paved shoulder of Sri Muktsar Sahib to Malout road from Km 279.400 to Km 307.060 section of NH-354 in the State of Punjab on EPC mode. Job No. NH-354-PB-2021-22-555,Punjab,Roads & Highways,APPROVED,91,NH match: {'NH-354'}; KM overlap: 100%,72.58883248730965,FP/PB/ROAD/156634/2022,Diversion of 9.995 ha forest land for  the work of widening/Upgradation to two lane with paved shoulder of Sri Muktsar sahib to Malout road from km 279.400 to km 307.060 section of NH-354,9.995,APPROVED
2009,617981,Widening to Two with Paved shoulders from Km 59.500 to Km 132.033 of Manneguda- Ravunapally section of NH-163 Erstwhile SH-4 in the State of Telangana on EPC mode under NH O Annual Plan 2016-17,Telangana,Roads & Highways,Pending at CF/CCF,88,NH match: {'NH-163'}; KM overlap: 100%,67.06231454005935,FP/TG/ROAD/32883/2018,Widening to Two lane with paved shoulders from km 59.500 to 132.033 of Manneguda - Ravulapalli section of NH-163 in Vikarabad District - 0.48 Ha,0.48,Pending at CF/CCF
2019,618386,Rehabilitation & Upgradation of Road from Km 0.00 to Km 18.600 Total length-18.600 km of Kumarghat-Kailashahar section on NH-208 to 2-lane with Paved shoulder on EPC bais under NHO,Tripura,Roads & Highways,APPROVED,93,NH match: {'NH-208'}; KM overlap: 100%,64.22976501305483,FP/TR/ROAD/40991/2019,Proposal for diversion of 3.080 ha of forest land for improvement / widening of two laning with paved shoulder of Kumarghat-Kailashahar section of NH-208(Km 0.00 to Km 18.622 ) under the state of Tripura,3.08,APPROVED
2064,618166,Construction of 4-lane green field highway from Km. 35.000 to Km. 49.155 of NH-731A with paved shoulders on Hybrid Annuity Mode in the state of Uttar Pradesh,Uttar Pradesh,Roads & Highways,APPROVED,86,"NH match: {'NH-731', 'NH-731A'}; KM overlap: 100%",71.7948717948718,FP/UP/ROAD/153173/2022,Proposed Diversion for Construction of 4-lane green field highway from Km. 35.000 to Km. 49.155 (Autarpur to Singraur Uparhar) Crossing on NH-731A on Hybrid Annuity Mode in District:- Prayagraj.,1.38,APPROVED
2065,618165,Construction of 4-lane highway with paved shoulders from Km 49.155 to Km 74.700 of NH-731A on Hybrid Annuity Mode in the state of Uttar Pradesh,Uttar Pradesh,Roads & Highways,IN-PRINCIPLE,83,"NH match: {'NH-731', 'NH-731A'}; KM overlap: 100%",60.62322946175638,FP/UP/ROAD/153349/2022,Proposed Diversion for Construction of 4-lane green field highway from Km. 49.155 to Km. 74.700 (Singraur Uparhar to Baranpur Kadipur Ichauli) Crossing on NH-731A on Hybrid Annuity Mode in District:- Kaushambi.,15.461,IN-PRINCIPLE
2100,618855,"Improvement and Up-Gradation of Existing Road to 2/4L PS from Km 40.000 to 88.750, start of Khutar bypass to start of Shahjahanpur bypass of NH 731Pkg-I",Uttar Pradesh,Roads & Highways,APPROVED,88,NH match: {'NH-731'}; KM overlap: 100%,59.13043478260869,FP/UP/ROAD/148376/2021,Improvement and Up-gradation of NH-731 to 2-Lane with Paved Shoulder from Km 40.00 to Km 88.750 under Package 1 in Shahjahanpur District and Forest Division (Total Length-48.75 Km of Package 1),26.408,APPROVED
2101,618856,"Improvement and Up-Gradation of Existing Road to 4L PS from Km 123.650 to 175.080, from Start of Shahabad Bypass to End of Hardoi bypass of NH 731 Pkg-2B",Uttar Pradesh,Roads & Highways,APPROVED,92,NH match: {'NH-731'}; KM overlap: 100%,64.57399103139014,FP/UP/ROAD/152126/2022,"Improvement and Up-gradation of Existing Road (NH-731) to 4-Lane with Paved Shoulder from Km 123.650 to Km 175.080, Start of Shahabad Bypass to End of Hardoi Bypass of NH-731 on HAM basis of Hardoi Forest Division & District in the state of Uttar Pradesh (Total Length-51.430 Km of Package 2B)",5.546,APPROVED
2103,618858,"Improvement and Up-Gradation of Existing Road to 4L PS from Km 88.750 to 123.650, from Start of Shahjahanpur Bypass to start of Shahabad bypass of NH 731Pkg.-2A",Uttar Pradesh,Roads & Highways,APPROVED,90,NH match: {'NH-731'}; KM overlap: 100%,62.054507337526196,FP/UP/ROAD/157254/2022,"Improvement and Up-gradation of Existing Road (NH-731) to 4-Lane with Paved Shoulder from Km 88.750 to Km 123.650, Start of Shahjahanpur Bypass to Start of Shahabad Bypass of NH-731 on HAM basis of Shahjahanpur & Hardoi Forest Divisions & Districts in the state of Uttar Pradesh (Total Length-34.900 Km of Package 2A)",12.1615,APPROVED
2119,618266,Rehabilitation and upgradation to 2-lane with paved sholuders configuration of Bewar- Allahaganj-  section of NH-730C  Km.0.000 to Km 52.770     pakage-I    in state of Uttar Pradesh undergreen national Highway Corridor Project  GNHCP    with the loan assistance of world Bank on EPC mode.,Uttar Pradesh,Roads & Highways,APPROVED,134,"NH match: {'NH-730', 'NH-730C'}; KM overlap: 100%; Mine match: 96.96969696969697%",87.78761061946902,FP/UP/ROAD/49579/2020,Rehabilitation and Upgradation to 2-lane with paved shoulders configuration of Bewar to Allahganj Section of NH-730C ( Km 0.000 to Km 52.770) (Package-I) in the State of Uttar Pradesh under Green National highways  Corridor Project (GNHCP) with the loan assistance of world Bank on EPC mode,74.138,APPROVED
2120,618240,Rehabilitation and upgradation to 2-lane with paved sholuders configuration of Bewar-naer Karri village section   Km0.00 to Km30.00      Pakage-I    of NH-92 in state of Uttar Pradesh   undergreen national Highway Corridor Project  GNHCP    with the loan assistance of world Bank on EPC mode.,Uttar Pradesh,Roads & Highways,APPROVED,81,KM overlap: 57%; Mine match: 96.96969696969697%,80.35398230088495,FP/UP/ROAD/49579/2020,Rehabilitation and Upgradation to 2-lane with paved shoulders configuration of Bewar to Allahganj Section of NH-730C ( Km 0.000 to Km 52.770) (Package-I) in the State of Uttar Pradesh under Green National highways  Corridor Project (GNHCP) with the loan assistance of world Bank on EPC mode,74.138,APPROVED
2121,618265,Rehabilitation and upgradation to 2-lane with paved sholuders configuration of Miranpur Katra to radhaita section of NH-730CKm.114.000 to Km 137.250pakage-III in state of Uttar Pradesh undergreen national Highway Corridor ProjectGNHCP with the loan assistance of world Bank on EPC mode.,Uttar Pradesh,Roads & Highways,APPROVED,107,"NH match: {'NH-730', 'NH-730C'}; KM overlap: 0%; Mine match: 96.96969696969697%",84.15672913117547,FP/UP/ROAD/49621/2020,Rehabilitation and Upgradation to 2-lane with paved shoulders configuration of Allahganj to Miranpur Katra Section of NH-730C ( Km 52.770 to Km 114.000) (Package-II) in the State of Uttar Pradesh under Green National Highways Corridor Project (GNHCP) with the loan assistance of world Bank on EPC mode,74.263,APPROVED
2122,618229,Rehabilitation and upgradation to 2-lane with paved sholuders configuration of Near Karri village-Etawah section Km30.000 to Km 57.346 Pakage-II of NH-92 in state of Uttar Pradesh undergreen national Highway Corridor ProjectGNHCP with the loan assistance of world Bank on EPC mode.,Uttar Pradesh,Roads & Highways,APPROVED,71,NH match: {'NH-92'},70.1627486437613,FP/UP/ROAD/53919/2020,Forest diversion proposal for rehabilitation and up-gradation to 2 lanes with paved shoulders configuration of Bewar - Near Karri village section (Km 0+000 to Km 30+000) Package I of NH-92 in the state of Uttar Pradesh under GNHCP on EPC Mode in the State of Uttar Pradesh,36.395,APPROVED
2123,617963,Rehabilitation and upgradation to four lane road from km 70.500 to km 78.600 of NH-92 under EPC mode in the State of Uttar Pradesh,Uttar Pradesh,Roads & Highways,APPROVED,98,NH match: {'NH-92'}; KM overlap: 100%,82.43243243243244,FP/UP/ROAD/150997/2022,Rehabilitation & up-gradation to four lane road from Km. 70.500 to 78.600 Km of NH-92 (new NH-719) under in District Etawah in the State of Uttar Pradesh (UP Portion),12.275,APPROVED
2134,618168,Widening to four lane with paved shoulder from Design Km.49.200 to Km.89.285 of NH-731B on EPC mode in the state of Uttar Pradesh,Uttar Pradesh,Roads & Highways,APPROVED,74,NH match: {'NH-731'}; KM overlap: 80%,47.20496894409938,FP/UP/ROAD/148376/2021,Improvement and Up-gradation of NH-731 to 2-Lane with Paved Shoulder from Km 40.00 to Km 88.750 under Package 1 in Shahjahanpur District and Forest Division (Total Length-48.75 Km of Package 1),26.408,APPROVED
2155,618119,Rehabilitation and up-gradation to 2-lane configuration of Bageshwar to Kangarchina road from km 129.600 to Km 161.600 Existing Chainage 136.00 to Km 169.00 of NH-309Ain the State of Uttarakhand Package-IV under NHO Annual Plan 2021-22,Uttarakhand,Roads & Highways,APPROVED,74,"NH match: {'NH-309', 'NH-309A'}; KM overlap: 71%",58.711217183770884,FP/UK/ROAD/151113/2022,upgradation of existing road to 2 lane configuration of rameswer-gangolighat berinag chaukori kanda bageswer takula almora section of NH-309A from km 133.00 to km170.00(Length 37.00KM),22.112,APPROVED
