ProjectId,ProjectName,SectorName,StateName,LineMinistry,COMPANYNAME,AgencyId,AgencyName,OriginalCost,RevisedCost,RevisedCostReason,Expenditure,SanctionDate,StartDate,OriginalEndDate,RevisedDate,RevisedDateReason,DELAYED_TIME,COST_OVERRUN,COST_OVERRUN_PERC,COR_PERC,TOR_PERC,PhysicalProgress,OnboardingDelay,Remarks,Overrun_Cr,Overrun_Pct,StockTicker,PSU_ShortName
613800, JAGANNATHPUR OC RCE PROJECT,Coal,,Ministry of Coal,SECL - CIL,0,,459,,,278.71,25/07/2016,,31/03/2025,31/03/2027,,0,0,0,,,96,0,,,,COALINDIA.NS,Coal India
616223,ADASA UG TO OC MINE,Coal,,Ministry of Coal,WCL - CIL,0,,316,,,209.29,16/11/2018,,31/03/2024,31/03/2027,,0,0,0,,,86,0,,,,COALINDIA.NS,Coal India
400148,AMADAND OCP[4.0MTY],Coal,,Ministry of Coal,South Eastern Coalfields Limited [SECL],0,,869,,,273.45,05/03/2016,,31/03/2021,31/03/2027,,0,0,0,,,75,0,,,,COALINDIA.NS,Coal India
616229,AMAL GONDEGAON GHATROHANA EXPN,Coal,,Ministry of Coal,WCL - CIL,0,,669,,,2.95,10/09/2024,,31/03/2029,,,0,0,0,,,3,0,,,,COALINDIA.NS,Coal India
615185,AMALGAMATED DHANKASA & JAMUNIA,Coal,,Ministry of Coal,WCL - CIL,0,,399,,,117.0,19/09/2022,,31/03/2027,,,0,0,0,,,67,0,,,,COALINDIA.NS,Coal India
400177,AMALGAMATED YEKONA I & YEKONA,Coal,,Ministry of Coal,WCL - CIL,0,,727,,,564.25,12/08/2015,,31/03/2025,31/03/2027,,0,0,0,,,81,0,,,,COALINDIA.NS,Coal India
613798,AMERA OC RCE [1.0 MTY],Coal,,Ministry of Coal,South Eastern Coalfields Limited [SECL],0,,336,,,87.47,04/02/2015,,31/03/2026,,,0,0,0,,,42,0,,,,COALINDIA.NS,Coal India
613799,AMGAON OC RCE [1.0 MTY],Coal,,Ministry of Coal,SECL - CIL,0,,316,,,192.9,25/07/2015,,31/03/2026,,,0,0,0,,,79,0,,,,COALINDIA.NS,Coal India
615916,AMLG GAURI PAUNI EXPANSION OC,Coal,,Ministry of Coal,WCL - CIL,0,,1225,,,91.83,26/04/2024,,31/03/2030,,,0,0,0,,,4,0,,,,COALINDIA.NS,Coal India
400183,BALARAM EXPANSION OCP,Coal,,Ministry of Coal,Mahanadi Coalfields Limited (MCL),0,,3504,,,1027.23,12/06/2020,,31/03/2029,,,0,0,0,,,52,0,,,,COALINDIA.NS,Coal India
400149,BAROUD OC EXPANSION [3.0-10.0M,Coal,,Ministry of Coal,South Eastern Coalfields Limited [SECL],0,,2310,,,1007.09,04/08/2020,,31/03/2029,,,0,0,0,,,56,0,,,,COALINDIA.NS,Coal India
400392,BHARATPUR RE-ORGANIZATION OCP,Coal,,Ministry of Coal,Mahanadi Coalfields Limited (MCL),0,,2839,,,1672.82,12/11/2018,,31/03/2029,,,0,0,0,,,47,0,,,,COALINDIA.NS,Coal India
400033,BHATADI EXPANSION OC,Coal,,Ministry of Coal,WCL - CIL,0,,581,,,112.17,11/02/2020,,31/03/2028,,,0,0,0,,,34,0,,,,COALINDIA.NS,Coal India
400179,BHUBANESWARI EXPANSION OCP,Coal,,Ministry of Coal,Mahanadi Coalfields Limited (MCL),0,,3145,6321.73,,1250.66,04/01/2023,,31/03/2031,,,0,0,0,,,21,0,,3176.7299999999996,101.01,COALINDIA.NS,Coal India
400180,BONJEMEHARI EXPANSION OCP,Coal,,Ministry of Coal,Eastern Coal Fields Limited [ECL],0,,570,570.11,,81.29,10/08/2021,,31/03/2026,31/03/2026,,0,0,0,,,16,0,,0.11000000000001364,0.02,COALINDIA.NS,Coal India
400145,CHHAL OC SEAM III [6 MTY],Coal,,Ministry of Coal,South Eastern Coalfields Limited [SECL],0,,611,,,577.46,16/12/2013,,31/03/2022,30/09/2025,,0,0,0,,,85,0,,,,COALINDIA.NS,Coal India
400172,CHITRA EAST OC,Coal,,Ministry of Coal,Eastern Coal Fields Limited [ECL],0,,514,,,229.86,11/08/2018,,31/03/2026,31/03/2028,,0,0,0,,,51,0,,,,COALINDIA.NS,Coal India
616225,CHUPERBHITA SIMLONG OCP MDO 6,Coal,,Ministry of Coal,ECL - CIL,0,,979,,,0.0,29/12/2023,,31/03/2037,,,0,0,0,,,0,0,,,,COALINDIA.NS,Coal India
400353,DHUPTALA OC [SASTI UG TO OC ],Coal,,Ministry of Coal,WCL - CIL,0,,711,,,174.66,12/02/2019,,31/03/2028,,,0,0,0,,,19,0,,,,COALINDIA.NS,Coal India
400354,DIPKA EXPANSION OCP [40 MTY],Coal,,Ministry of Coal,South Eastern Coalfields Limited [SECL],0,,5241,,,2675.0,24/12/2020,,31/03/2029,,,0,0,0,,,37,0,,,,COALINDIA.NS,Coal India
612838,DIPKA OC,Coal,,Ministry of Coal,SECL - CIL,0,,7580,,,3091.0,,,31/03/2025,,,0,0,0,,,65,0,,,,COALINDIA.NS,Coal India
615331,GADEGAON OC 3 MTY,Coal,,Ministry of Coal,WCL - CIL,0,,497,,,86.72,28/10/2023,,31/03/2030,,,0,0,0,,,2,0,,,,COALINDIA.NS,Coal India
615206,GANDHIGRAM UG MINE,Coal,,Ministry of Coal,WCL - CIL,0,,414,,,22.16,31/08/2019,,31/03/2026,31/03/2027,,0,0,0,,,57,0,,,,COALINDIA.NS,Coal India
615917,GAURIDEEP/GAURI CENTRAL OCP 7.,Coal,,Ministry of Coal,WCL - CIL,0,,973,,,1.55,08/08/2023,,31/03/2030,,,0,0,0,,,2,0,,,,COALINDIA.NS,Coal India
400424,GEVRA OC [70 MTY],Coal,,Ministry of Coal,South Eastern Coalfields Limited [SECL],0,,11816,,,5328.96,05/03/2016,,31/03/2023,31/03/2026,,0,0,0,,,77,0,,,,COALINDIA.NS,Coal India
615914,GHONSA EXPANSION DEEP OC MINE,Coal,,Ministry of Coal,WCL - CIL,0,,185,,,15.72,23/03/2021,,31/03/2029,,,0,0,0,,,13,0,,,,COALINDIA.NS,Coal India
615192,GOKUL EXTENSION OC MINE,Coal,,Ministry of Coal,WCL - CIL,0,,310,,,62.31,23/04/2021,,31/03/2026,31/03/2027,,0,0,0,,,8,0,,,,COALINDIA.NS,Coal India
400018,HURA C OCP,Coal,,Ministry of Coal,ECL - CIL,0,,859,,,450.47,10/08/2022,,31/03/2029,,,0,0,0,,,62,0,,,,COALINDIA.NS,Coal India
616226,INTEGRATED KULDA GARJANBAHAL O,Coal,,Ministry of Coal,Mahanadi Coalfields Limited (MCL),0,,3564,,,540.62,19/04/2023,,31/03/2033,,,0,0,0,,,4,0,,,,COALINDIA.NS,Coal India
612816,ITAPARA OCP,Coal,,Ministry of Coal,ECL - CIL,0,,929,,,132.43,29/12/2023,,31/03/2030,,,0,0,0,,,8,0,,,,COALINDIA.NS,Coal India
613795,JAMPALI OC RCE [2.0 MTY],Coal,,Ministry of Coal,SECL - CIL,0,,279,,,210.07,27/05/2020,,31/03/2025,30/06/2025,,0,0,0,,,82,0,,,,COALINDIA.NS,Coal India
400312,JHANJRA EXPANSION UG,Coal,,Ministry of Coal,Eastern Coal Fields Limited [ECL],0,,1210,,,514.93,16/04/2020,,31/03/2029,,,0,0,0,,,40,0,,,,COALINDIA.NS,Coal India
613803,JHIRIA WEST OCP [1.5 MTY],Coal,,Ministry of Coal,SECL - CIL,0,,367,,,36.68,30/01/2024,,31/03/2029,,,0,0,0,,,41,0,,,,COALINDIA.NS,Coal India
613802,KANCHAN OC EXP,Coal,,Ministry of Coal,South Eastern Coalfields Limited [SECL],0,,371,,,144.61,17/12/2014,,31/03/2026,31/03/2028,,0,0,0,,,58,0,,,,COALINDIA.NS,Coal India
615191,KATKONA RO UG MINE,Coal,,Ministry of Coal,SECL - CIL,0,,329,,,62.01,29/01/2023,,31/03/2029,,,0,0,0,,,2,0,,,,COALINDIA.NS,Coal India
617278,KOLARPIMPRI EXPANSION OC [2.5,Coal,,Ministry of Coal,WCL - CIL,0,,630,,,0.61,05/06/2024,,31/03/2030,,,0,0,0,,,0,0,,,,COALINDIA.NS,Coal India
400147,KUSMUNDA OC EXPANSION [15 TO 50 MTY],Coal,,Ministry of Coal,South Eastern Coalfields Limited [SECL],0,,7612,,,4697.95,03/08/2013,,31/03/2023,31/03/2030,,0,0,0,,,81,0,,,,COALINDIA.NS,Coal India
617287,KUSMUNDA OC EXPANSION PROJECT,Coal,,Ministry of Coal,SECL - CIL,0,,4517,,,774.91,29/11/2024,,31/03/2030,,,0,0,0,,,21,0,,,,COALINDIA.NS,Coal India
619172,MADANNAGAR OCP 12 MTY - MDO,Coal,,Ministry of Coal,SECL - CIL,0,,1859,,,0.45,20/12/2024,,31/03/2029,,,0,0,0,,,0,0,,,,COALINDIA.NS,Coal India
613801,MAHAMAYA OCP [1.50 MTY],Coal,,Ministry of Coal,SECL - CIL,0,,410,,,188.6,24/05/2018,,31/03/2026,31/03/2028,,0,0,0,,,55,0,,,,COALINDIA.NS,Coal India
615189,MAKARDHOKRA EXPN OC 4.9 MTY,Coal,,Ministry of Coal,WCL - CIL,0,,362,,,104.17,14/06/2022,,31/03/2026,31/03/2027,,0,0,0,,,12,0,,,,COALINDIA.NS,Coal India
617288,MANIKPUR OC EXPANSION PROJECT,Coal,,Ministry of Coal,South Eastern Coalfields Limited [SECL],0,,383,,,112.87,13/01/2025,,31/03/2029,,,0,0,0,,,21,0,,,,COALINDIA.NS,Coal India
400173,MOHANPUR EXPANSION OC -PHASE I,Coal,,Ministry of Coal,Eastern Coal Fields Limited [ECL],0,,889,,,115.8,11/11/2020,,31/03/2026,31/03/2030,,0,0,0,,,30,0,,,,COALINDIA.NS,Coal India
615919,N. EXTN. MUNGOLI NIRGUDA D OCP,Coal,,Ministry of Coal,WCL - CIL,0,,1025,,,218.36,05/06/2024,,31/03/2029,,,0,0,0,,,28,0,,,,COALINDIA.NS,Coal India
400181,NAKRAKONDA KUMARDIH- B OCP,Coal,,Ministry of Coal,Eastern Coal Fields Limited [ECL],0,,503,502.67,,67.61,11/08/2018,,31/03/2029,,,0,0,0,,,26,0,,-0.3299999999999841,-0.07,COALINDIA.NS,Coal India
615188,NEW MAJRI UG TO OC 3 MTY COST,Coal,,Ministry of Coal,WCL - CIL,0,,402,,,67.81,25/05/2019,,31/03/2027,,,0,0,0,,,24,0,,,,COALINDIA.NS,Coal India
615982,NILJAI EXPANSION DEEP  OCP,Coal,,Ministry of Coal,WCL - CIL,0,,320,,,196.82,27/08/2016,,31/03/2022,31/03/2027,,0,0,0,,,80,0,,,,COALINDIA.NS,Coal India
617764,North Dhadu Western Part OCP,Coal,,Ministry of Coal,NLC India Limited [NLCIL],0,,1354,,,141.98,06/10/2023,,31/03/2029,,,0,0,0,,,40,0,,,,NLCIL.NS,NLC India
616230,PARASCOLE JAMBAD OCP,Coal,,Ministry of Coal,Eastern Coal Fields Limited [ECL],0,,1194,,,10.9,29/11/2024,,31/03/2037,,,0,0,0,,,0,0,,,,COALINDIA.NS,Coal India
613794,PARASEA-BELBAID UG PROJECT,Coal,,Ministry of Coal,ECL - CIL,0,,389,,,132.48,31/01/2023,,31/03/2028,,,0,0,0,,,22,0,,,,COALINDIA.NS,Coal India
616234,PELMA OC MDO,Coal,,Ministry of Coal,SECL - CIL,0,,1725,,,16.71,14/10/2022,,31/03/2033,,,0,0,0,,,40,0,,,,COALINDIA.NS,Coal India
400144,PORDA CHIMTAPANI OCP [10 MTY],Coal,,Ministry of Coal,South Eastern Coalfields Limited [SECL],0,,2310,,,113.45,24/12/2020,,31/03/2029,,,0,0,0,,,10,0,,,,COALINDIA.NS,Coal India
400152,RAMPUR BATURA OCP [4.0MTY],Coal,,Ministry of Coal,South Eastern Coalfields Limited [SECL],0,,1249,,,495.4,22/07/2019,,31/03/2026,,,0,0,0,,,44,0,,,,COALINDIA.NS,Coal India
619171,RPR FOR DURGAPUR OCP 10 MTY,Coal,,Ministry of Coal,SECL - CIL,0,,2416,,,1.66,01/09/2025,,31/03/2032,,,0,0,0,,,0,0,,,,COALINDIA.NS,Coal India
619053,RPR FOR RAMPUR BATURA OCP,Coal,,Ministry of Coal,SECL - CIL,0,,1605,,,62.52,30/05/2025,,31/03/2030,,,0,0,0,,,0,0,,,,COALINDIA.NS,Coal India
615918,RPR OF BHANEGAON OC,Coal,,Ministry of Coal,WCL - CIL,0,,405,,,43.1,02/02/2017,,31/03/2028,,,0,0,0,,,16,0,,,,COALINDIA.NS,Coal India
615187,RPR OF VISHNUPURI UG TO OC,Coal,,Ministry of Coal,WCL - CIL,0,,221,,,0.0,04/11/2022,,31/03/2029,,,0,0,0,,,11,0,,,,COALINDIA.NS,Coal India
613804,RPR TAWA-III UG 0.84 MTY,Coal,,Ministry of Coal,WCL - CIL,0,,314,,,17.9,28/12/2021,,31/03/2027,,,0,0,0,,,18,0,,,,COALINDIA.NS,Coal India
619055,SAONER-III EXPN UG MINE 1.54,Coal,,Ministry of Coal,WCL - CIL,0,,444,,,,25/08/2025,,31/03/2032,,,0,0,0,,,0,0,,,,COALINDIA.NS,Coal India
615186,SASTI  EXPANSION OPENCAST,Coal,,Ministry of Coal,WCL - CIL,0,,319,,,153.78,04/08/2020,,31/03/2026,31/03/2027,,0,0,0,,,32,0,,,,COALINDIA.NS,Coal India
615195,SHARDA UG MINE,Coal,,Ministry of Coal,WCL - CIL,0,,166,,,5.93,29/07/2022,,31/03/2028,,,0,0,0,,,9,0,,,,COALINDIA.NS,Coal India
613793,SHYAMSUNDARPUR UG INCLUDING SA,Coal,,Ministry of Coal,Eastern Coal Fields Limited [ECL],0,,484,,,60.46,16/04/2020,,31/03/2026,31/03/2028,,0,0,0,,,12,0,,,,COALINDIA.NS,Coal India
400166,SIARMAL OCP,Coal,,Ministry of Coal,Mahanadi Coalfields Limited (MCL),0,,5195,,,3455.65,02/02/2021,,31/03/2029,31/03/2028,,0,0,0,,,54,0,,,,COALINDIA.NS,Coal India
400182,SIDULI [OC & UG],Coal,,Ministry of Coal,ECL - CIL,0,,535,535.17,,5.28,22/05/2018,,31/03/2027,31/03/2030,,0,0,0,,,14,0,,0.16999999999995907,0.03,COALINDIA.NS,Coal India
615190,SINGHORI DEEP OC MIN 2.0 MTY,Coal,,Ministry of Coal,WCL - CIL,0,,336,,,53.34,05/05/2022,,31/03/2029,,,0,0,0,,,10,0,,,,COALINDIA.NS,Coal India
400315,SONEPUR BAZARI EXPANSION OCP [,Coal,,Ministry of Coal,Eastern Coal Fields Limited [ECL],0,,5366,,,583.82,28/07/2021,,31/03/2029,,,0,0,0,,,17,0,,,,COALINDIA.NS,Coal India
400165,SUBHADRA OCP,Coal,,Ministry of Coal,Mahanadi Coalfields Limited (MCL),0,,1694,,,1278.66,25/03/2021,,31/03/2029,31/03/2029,,0,0,0,,,42,0,,,,COALINDIA.NS,Coal India
618982,Talabira II & III OCP - FMC,Coal,,Ministry of Coal,NLC India Limited [NLCIL],0,,522,,,324.74,31/10/2022,,10/06/2026,31/12/2026,,0,0,0,,,74,0,,,,NLCIL.NS,NLC India
400186,TILABONI UG,Coal,,Ministry of Coal,ECL - CIL,0,,749,749.07,,53.97,31/01/2023,,31/03/2029,,,0,0,0,,,12,0,,0.07000000000005002,0.01,COALINDIA.NS,Coal India
616044,UKNI DEEP OC MINE -COST PLUS,Coal,,Ministry of Coal,WCL - CIL,0,,237,,,168.2,16/11/2018,,31/03/2021,31/03/2027,,0,0,0,,,95,0,,,,COALINDIA.NS,Coal India
615194,URDHAN EXPANSION OC COST PLUS,Coal,,Ministry of Coal,WCL - CIL,0,,207,,,50.69,29/07/2022,,31/03/2031,,,0,0,0,,,2,0,,,,COALINDIA.NS,Coal India
617233,WAGHODA UG MINE [1.02 MTY],Coal,,Ministry of Coal,WCL - CIL,0,,379,,,0.0,29/01/2024,,31/03/2030,,,0,0,0,,,0,0,,,,COALINDIA.NS,Coal India
603293,Badam Coal Mining project of NTPC,Coal,,Ministry of Power,National Thermal Power Corporation [NTPC],0,,502,784.0,,302.2,01/02/2019,,31/12/2056,01/04/2027,,0,0,0,,,59,0,,282.0,56.18,NTPC.NS,NTPC
618992,100 MW SPP part of SECI 150 MW Hybrid,Electricity Generation,,Ministry of Coal,NLC India Limited [NLCIL],0,,481,,,2.52,21/07/2022,,31/12/2026,,,0,0,0,,,1,0,,,,NLCIL.NS,NLC India
618991,200 MW SPP part of 510 MW CPSU scheme,Electricity Generation,,Ministry of Coal,NLC India Limited [NLCIL],0,,1221,,,61.81,21/07/2022,,31/12/2026,,,0,0,0,,,0,0,,,,NLCIL.NS,NLC India
612819,300 MW SPP part of 510 MW CPSU scheme,Electricity Generation,,Ministry of Coal,NLC India Limited [NLCIL],0,,1813,1813.0,,1038.13,21/07/2022,,27/09/2024,31/12/2025,,0,0,0,,,79,0,,0.0,0.0,NLCIL.NS,NLC India
615327,50 MW Solar PP Minedout Area,Electricity Generation,,Ministry of Coal,NLC India Limited [NLCIL],0,,218,,,161.73,05/08/2023,,31/03/2025,31/12/2025,,0,0,0,,,64,0,,,,NLCIL.NS,NLC India
617299,50 MW Wind Power Project,Electricity Generation,,Ministry of Coal,NLC India Limited [NLCIL],0,,384,,,303.5,21/07/2022,,30/06/2025,31/01/2026,,0,0,0,,,41,0,,,,NLCIL.NS,NLC India
617730,600 MW Khavda Solar Power Project,Electricity Generation,,Ministry of Coal,NLC India Limited [NLCIL],0,,3336,,,2000.62,01/08/2023,,30/06/2026,31/12/2026,,0,0,0,,,60,0,,,,NLCIL.NS,NLC India
618981,810 MW Solar Power Project - Rajasthan,Electricity Generation,,Ministry of Coal,NLC India Limited [NLCIL],0,,4147,,,224.77,10/10/2024,,25/03/2028,,,0,0,0,,,0,0,,,,NLCIL.NS,NLC India
400259,Ghatampur Thermal Power Plant 3 X 660 MW,Electricity Generation,,Ministry of Coal,NLC India Limited [NLCIL],0,,17238,21780.9,,20711.5,27/07/2016,,26/11/2020,25/03/2026,,0,0,0,,,93,0,,4542.9000000000015,26.35,NLCIL.NS,NLC India
400231,NLC Talabira Thermal Power Project,Electricity Generation,,Ministry of Coal,NLC India Limited [NLCIL],0,,27213,,,2517.13,25/01/2017,,31/03/2030,,,0,0,0,,,1,0,,,,NLCIL.NS,NLC India
602633,382 MW Sunni Dam HEP,Electricity Generation,,Ministry of Power,Satluj Jal Vidyut Nigam [SJVN] Thermal Limited,0,,2615,,,495.57,,,31/03/2027,,,0,0,0,,,0,0,,,,SJVN.NS,SJVN
709747,Bagodara Solar Power Project,Electricity Generation,,Ministry of Power,Satluj Jal Vidyut Nigam [SJVN] Thermal Limited,0,,339,,,317.59,26/03/2021,,31/12/2025,31/12/2025,,0,0,0,,,51,0,,,,SJVN.NS,SJVN
709748,BIKANER SOLAR POWER PROJECT,Electricity Generation,,Ministry of Power,Satluj Jal Vidyut Nigam [SJVN] Thermal Limited,0,,5492,,,4606.84,04/10/2021,,04/04/2024,31/12/2025,,0,0,0,,,82,0,,,,SJVN.NS,SJVN
602579,Buxar Thermal Power Project [1320 MW],Electricity Generation,,Ministry of Power,Satluj Jal Vidyut Nigam [SJVN] Thermal Limited,0,,10439,13756.6,,13253.0,08/03/2019,,08/01/2024,30/05/2026,,0,0,0,,,94,0,,3317.6000000000004,31.78,SJVN.NS,SJVN
619056,"Darlipali Super Thermal Power Project, Stage-II [1x800 MW]",Electricity Generation,,Ministry of Power,National Thermal Power Corporation [NTPC],0,,11131,,,472.8,06/11/2025,,31/01/2031,31/05/2031,,0,0,0,,,2,0,,,,NTPC.NS,NTPC
602582,Dhaulasidh Hydro Electric Project [66 MW],Electricity Generation,,Ministry of Power,Satluj Jal Vidyut Nigam [SJVN] Thermal Limited,0,,688,1511.87,,908.65,01/10/2020,,05/11/2025,31/03/2027,,0,0,0,,,67,0,,823.8699999999999,119.75,SJVN.NS,SJVN
618976,"Gadarwara Super Thermal Power Project, Stage-II [2x800 MW]",Electricity Generation,,Ministry of Power,National Thermal Power Corporation [NTPC],0,,20446,,,1945.1,05/11/2024,,31/03/2030,31/05/2030,,0,0,0,,,8,0,,,,NTPC.NS,NTPC
602532,Kiru HE Project,Electricity Generation,,Ministry of Power,National Hydroelectric Power Corporation Limited [NHPC],0,,4288,5409.0,,3035.03,08/03/2019,,07/09/2023,31/12/2026,,0,0,0,,,70,0,,1121.0,26.14,NHPC.NS,NHPC
611930,Lara Super Thermal Power Project Stage-II [2 x 800 MW],Electricity Generation,,Ministry of Power,National Thermal Power Corporation [NTPC],0,,15530,16106.0,,3498.35,29/08/2023,,30/06/2028,30/09/2028,,0,0,0,,,21,0,,576.0,3.71,NTPC.NS,NTPC
602593,Luhri Stage-I Hydro Electric Project [210 MW],Electricity Generation,,Ministry of Power,Satluj Jal Vidyut Nigam [SJVN] Thermal Limited,0,,1811,3584.53,,1742.92,20/11/2020,,19/01/2026,31/08/2029,,0,0,0,,,51,0,,1773.5300000000002,97.93,SJVN.NS,SJVN
619051,"Nabinagar Super Thermal Power Project, Stage-II [3x800 MW]",Electricity Generation,,Ministry of Power,National Thermal Power Corporation [NTPC],0,,29948,,,2865.29,05/11/2024,,31/07/2030,30/09/2030,,0,0,0,,,11,0,,,,NTPC.NS,NTPC
709820,OMKARESHWAR FLOATING SOLAR POWER PROJECT [90 MW]    ,Electricity Generation,,Ministry of Power,Satluj Jal Vidyut Nigam [SJVN] Thermal Limited,0,,646,,,0.0,,,31/08/2024,,,0,0,0,,,0,0,,,,SJVN.NS,SJVN
400261,Patratu Thermal Power Station Expansion Project Phase-I [3x800 MW],Electricity Generation,,Ministry of Power,National Thermal Power Corporation [NTPC],0,,17112,20302.0,,17365.0,30/11/2017,,31/03/2023,30/11/2026,,0,0,0,,,81,0,,3190.0,18.64,NTPC.NS,NTPC
602184,Rammam-III HEPP [3x40 MW],Electricity Generation,,Ministry of Power,National Thermal Power Corporation [NTPC],0,,1382,2865.56,,1393.94,10/09/2014,,30/09/2019,31/03/2029,,0,0,0,,,51,0,,1483.56,107.35,NTPC.NS,NTPC
605156,Rangit-IV HE Project [120 MW]  executed by Jal Power Corporation Ltd. [JPCL] - A wholly owned subsidiary of NHPC Ltd. acquired through NCLT,Electricity Generation,,Ministry of Power,National Hydroelectric Power Corporation Limited [NHPC],0,,938,1828.11,,1488.78,30/03/2021,,29/05/2024,28/12/2025,,0,0,0,,,93,0,,890.1099999999999,94.89,NHPC.NS,NHPC
602535,"Ratle HE Project - 850 MW, Ratle Hydroelectric Power Corporation Limited.",Electricity Generation,,Ministry of Power,National Hydroelectric Power Corporation Limited [NHPC],0,,5282,,,1029.67,11/02/2021,,10/02/2026,22/08/2029,,0,0,0,,,24,0,,,,NHPC.NS,NHPC
612142,"Singrauli Super Thermal Power Project, Stage-III [2x800 MW]",Electricity Generation,,Ministry of Power,National Thermal Power Corporation [NTPC],0,,17195,,,3492.41,03/03/2024,,28/02/2030,30/04/2030,,0,0,0,,,21,0,,,,NTPC.NS,NTPC
617188,"Sipat Super Thermal Power Project, Stage-III [1x800 MW]",Electricity Generation,,Ministry of Power,National Thermal Power Corporation [NTPC],0,,9791,,,1686.93,20/09/2024,,30/09/2029,30/11/2029,,0,0,0,,,20,0,,,,NTPC.NS,NTPC
602096,Subansiri Lower HE Project [2000 MW],Electricity Generation,,Ministry of Power,National Hydroelectric Power Corporation Limited [NHPC],0,,6285,26075.5,,25058.8,09/09/2003,,08/09/2010,31/05/2026,,0,0,0,,,96,0,,19790.5,314.88,NHPC.NS,NHPC
611586,Sunni Dam Hydro Electric Project [382 MW],Electricity Generation,,Ministry of Power,Satluj Jal Vidyut Nigam [SJVN] Thermal Limited,0,,2615,4540.71,,956.76,12/01/2023,,03/04/2028,31/12/2028,,0,0,0,,,29,0,,1925.71,73.64,SJVN.NS,SJVN
602961,Talcher Thermal Power Station Stage III [2 x 660 MW] Expansion,Electricity Generation,,Ministry of Power,National Thermal Power Corporation [NTPC],0,,11844,12543.0,,3975.0,25/08/2022,,31/05/2027,31/03/2028,,0,0,0,,,26,0,,699.0,5.9,NTPC.NS,NTPC
602185,Tapovan-Vishnugad HEP [4x130 MW],Electricity Generation,,Ministry of Power,National Thermal Power Corporation [NTPC],0,,2978,10907.3,,7260.25,16/11/2006,,31/03/2013,30/04/2029,,0,0,0,,,77,0,,7929.299999999999,266.26,NTPC.NS,NTPC
619341,"Telangana Super Thermal Power Project , Stage-II [3 x 800 MW]",Electricity Generation,,Ministry of Power,National Thermal Power Corporation [NTPC],0,,29345,,,729.63,29/03/2026,,31/01/2032,,,0,0,0,,,0,0,,,,NTPC.NS,NTPC
709754,"Construction of LPG Facilities at Kamardanga, Assam",Energy Storage,,Ministry of Petroleum & Natural Gas,Hindustan Petroleum Corporation Limited,0,,156,156.36,,102.07,30/03/2023,,04/07/2027,04/07/2027,,0,0,0,,,76,0,,0.36000000000001364,0.23,HINDPETRO.NS,HPCL
400235,"Setting up a common user Petroleum Terminal at Jammu, J&K for resitement of existing PSU OMC's Depots from Jammu City",Energy Storage,,Ministry of Petroleum & Natural Gas,Bharat Petroleum Corporation Limited [BPCL],0,,677,715.89,,535.94,01/04/2023,,31/03/2025,31/01/2026,,0,0,0,,,82,0,,38.889999999999986,5.74,BPCL.NS,BPCL
709801,71 MWp [DC] Solar power project at Prayagraj,Oil & Gas,,Ministry of Petroleum & Natural Gas,Bharat Petroleum Corporation Limited [BPCL],0,,308,,,183.37,02/02/2024,,02/08/2025,,,0,0,0,,,95,0,,,,BPCL.NS,BPCL
709757,"CGD Project in Banka, Dumka, Godda, Jamtara, Pakur, Sahibganj GA ID 11A.02",Oil & Gas,,Ministry of Petroleum & Natural Gas,Hindustan Petroleum Corporation Limited,0,,1377,1377.0,,335.79,14/06/2022,,30/06/2030,30/06/2030,,0,0,0,,,27,0,,0.0,0.0,HINDPETRO.NS,HPCL
709758,"CGD Project in Malda, Birbhum, Murshidabad, Dakshin Dinajpur GA ID 11A.03",Oil & Gas,,Ministry of Petroleum & Natural Gas,Hindustan Petroleum Corporation Limited,0,,2628,2628.0,,340.69,17/06/2022,,30/06/2030,30/06/2030,,0,0,0,,,28,0,,0.0,0.0,HINDPETRO.NS,HPCL
709791,City Gas Distribution Projects at Alipurduar and Cooch Behar,Oil & Gas,,Ministry of Petroleum & Natural Gas,Bharat Petroleum Corporation Limited [BPCL],0,,1017,1017.0,,194.33,21/12/2022,,31/03/2030,31/03/2030,,0,0,0,,,39,0,,0.0,0.0,BPCL.NS,BPCL
709792,"City Gas Distribution Projects at Darbhanga, Madhubani, Supaul, Sitamarhi and Sheohar districts",Oil & Gas,,Ministry of Petroleum & Natural Gas,Bharat Petroleum Corporation Limited [BPCL],0,,3638,3638.0,,414.14,21/12/2022,,31/03/2030,31/03/2030,,0,0,0,,,29,0,,0.0,0.0,BPCL.NS,BPCL
709794,"City Gas Distribution Projects at Fazilka [except area already authorized], Ganganagar and Hanumangarh districts",Oil & Gas,,Ministry of Petroleum & Natural Gas,Bharat Petroleum Corporation Limited [BPCL],0,,3207,3207.0,,345.1,21/12/2022,,30/06/2030,30/06/2030,,0,0,0,,,24,0,,0.0,0.0,BPCL.NS,BPCL
709793,"City Gas Distribution Projects at Gopalganj, Siwan, West Champaran, East Champaran and Deoria districts",Oil & Gas,,Ministry of Petroleum & Natural Gas,Bharat Petroleum Corporation Limited [BPCL],0,,3919,3919.0,,412.83,21/12/2022,,30/06/2030,30/06/2030,,0,0,0,,,19,0,,0.0,0.0,BPCL.NS,BPCL
709795,"City Gas Distribution Projects at Lakhimpur Kheri , Sitapur, Bahraich, Shravasti,Balrampur, Siddharth Nagar & Maharajganj districts",Oil & Gas,,Ministry of Petroleum & Natural Gas,Bharat Petroleum Corporation Limited [BPCL],0,,16654,16654.0,,590.67,21/12/2022,,30/06/2030,30/06/2030,,0,0,0,,,11,0,,0.0,0.0,BPCL.NS,BPCL
709796,City Gas Distribution Projects at the Nilgiris and Erode districts,Oil & Gas,,Ministry of Petroleum & Natural Gas,Bharat Petroleum Corporation Limited [BPCL],0,,3685,3685.0,,238.05,21/12/2022,,31/03/2030,31/03/2030,,0,0,0,,,18,0,,0.0,0.0,BPCL.NS,BPCL
709838,Commercial Polymer Flooding Project in Bechraji field,Oil & Gas,,Ministry of Petroleum & Natural Gas,Oil and Natural Gas Corporation Limited [ONGC],0,,621,621.4,,137.72,21/01/2022,,30/11/2024,30/11/2025,,0,0,0,,,21,0,,0.39999999999997726,0.06,ONGC.NS,ONGC
709837,"Creation of Gas Dehydration  Facilities, Tripura Asset",Oil & Gas,,Ministry of Petroleum & Natural Gas,Oil and Natural Gas Corporation Limited [ONGC],0,,209,131.51,,70.94,08/03/2022,,31/05/2024,31/05/2026,,0,0,0,,,66,0,,-77.49000000000001,-37.08,ONGC.NS,ONGC
709839,Daman Upside Development Project,Oil & Gas,,Ministry of Petroleum & Natural Gas,Oil and Natural Gas Corporation Limited [ONGC],0,,4144,6406.9,,4401.66,29/06/2022,,31/10/2025,28/02/2026,,0,0,0,,,87,0,,2262.8999999999996,54.61,ONGC.NS,ONGC
610984,Development of Jharia CBM Block [Phase-1],Oil & Gas,,Ministry of Petroleum & Natural Gas,Oil and Natural Gas Corporation Limited [ONGC],0,,431,431.0,,217.93,21/11/2019,,21/01/2024,30/11/2025,,0,0,0,,,59,0,,0.0,0.0,ONGC.NS,ONGC
709753,Haldia Panagarh Pipeline Project,Oil & Gas,,Ministry of Petroleum & Natural Gas,Hindustan Petroleum Corporation Limited,0,,1010,1010.0,,692.62,09/11/2022,,08/11/2025,08/05/2026,,0,0,0,,,84,0,,0.0,0.0,HINDPETRO.NS,HPCL
709760,HP TDAE Unit in Mumbai Refinery,Oil & Gas,,Ministry of Petroleum & Natural Gas,Hindustan Petroleum Corporation Limited,0,,240,240.0,,139.9,19/06/2024,,19/04/2026,17/06/2026,,0,0,0,,,80,0,,0.0,0.0,HINDPETRO.NS,HPCL
709761,HP Trijet Unit in Visakh Refinery,Oil & Gas,,Ministry of Petroleum & Natural Gas,Hindustan Petroleum Corporation Limited,0,,193,193.0,,0.43,29/07/2024,,28/07/2027,28/07/2027,,0,0,0,,,23,0,,0.0,0.0,HINDPETRO.NS,HPCL
709752,HP-COAT [Crude to Olefins and Aromatics Technology] demo unit at Visakh Refinery,Oil & Gas,,Ministry of Petroleum & Natural Gas,Hindustan Petroleum Corporation Limited,0,,160,220.0,,132.39,23/09/2021,,30/06/2024,28/02/2027,,0,0,0,,,91,0,,60.0,37.5,HINDPETRO.NS,HPCL
709789,Installation of Independent De- Aromatized Solvents [DAS] production facilities at MR,Oil & Gas,,Ministry of Petroleum & Natural Gas,Bharat Petroleum Corporation Limited [BPCL],0,,405,343.0,,227.3,01/03/2023,,31/07/2025,20/02/2026,,0,0,0,,,95,0,,-62.0,-15.31,BPCL.NS,BPCL
709842,"Kalol Redevelopment Project, Ahmedabad Asset",Oil & Gas,,Ministry of Petroleum & Natural Gas,Oil and Natural Gas Corporation Limited [ONGC],0,,1487,1487.41,,927.55,30/08/2022,,31/03/2027,31/03/2027,,0,0,0,,,62,0,,0.41000000000008185,0.03,ONGC.NS,ONGC
400120,KG-DWN-98/2 Cluster - II Development Project - NELP Block,Oil & Gas,,Ministry of Petroleum & Natural Gas,Oil and Natural Gas Corporation Limited [ONGC],0,,34012,34012.0,,32184.0,28/03/2016,,30/06/2020,30/06/2026,,0,0,0,,,96,0,,0.0,0.0,ONGC.NS,ONGC
400119,Life Extension of 48 well platforms of Mumbai High & Heera Fields,Oil & Gas,,Ministry of Petroleum & Natural Gas,Oil and Natural Gas Corporation Limited [ONGC],0,,3191,3375.9,,3122.39,22/12/2015,,30/04/2018,31/03/2026,,0,0,0,,,90,0,,184.9000000000001,5.79,ONGC.NS,ONGC
709841,Old Pipe Line Replacement [OPRP] Group-A,Oil & Gas,,Ministry of Petroleum & Natural Gas,Oil and Natural Gas Corporation Limited [ONGC],0,,173,169.84,,160.52,01/07/2021,,18/07/2025,16/07/2026,,0,0,0,,,93,0,,-3.1599999999999966,-1.83,ONGC.NS,ONGC
709846,Part Replacement Pipeline Project  [PRPP],Oil & Gas,,Ministry of Petroleum & Natural Gas,Oil and Natural Gas Corporation Limited [ONGC],0,,1219,1145.1,,745.0,10/11/2022,,15/05/2024,15/12/2025,,0,0,0,,,90,0,,-73.90000000000009,-6.06,ONGC.NS,ONGC
709797,POL & LOBS Installations with Receipt Pipelines at Rasayani,Oil & Gas,,Ministry of Petroleum & Natural Gas,Bharat Petroleum Corporation Limited [BPCL],0,,2585,2585.0,,1349.7,15/05/2023,,31/05/2026,30/09/2026,,0,0,0,,,83,0,,0.0,0.0,BPCL.NS,BPCL
400169,Redevelopment of Linch Field,Oil & Gas,,Ministry of Petroleum & Natural Gas,Oil and Natural Gas Corporation Limited [ONGC],0,,631,845.42,,612.97,23/04/2021,,31/03/2025,25/07/2026,,0,0,0,,,90,0,,214.41999999999996,33.98,ONGC.NS,ONGC
400167,Redevelopment of Santhal Field [Onshore-Mehsana Asset],Oil & Gas,,Ministry of Petroleum & Natural Gas,Oil and Natural Gas Corporation Limited [ONGC],0,,1163,1162.56,,1152.0,23/02/2017,,31/03/2026,30/04/2026,,0,0,0,,,96,0,,-0.44000000000005457,-0.04,ONGC.NS,ONGC
400087,Redevelopment of Sobhasan Complex,Oil & Gas,,Ministry of Petroleum & Natural Gas,Oil and Natural Gas Corporation Limited [ONGC],0,,886,1286.67,,830.89,13/08/2021,,28/02/2026,28/02/2026,,0,0,0,,,79,0,,400.6700000000001,45.22,ONGC.NS,ONGC
709790,Replacement and Extension of Jetty Pipelines [REJP] at KR,Oil & Gas,,Ministry of Petroleum & Natural Gas,Bharat Petroleum Corporation Limited [BPCL],0,,622,372.0,,459.74,01/03/2023,,31/03/2026,31/03/2026,,0,0,0,,,93,0,,-250.0,-40.19,BPCL.NS,BPCL
709840,"Restoration of Gas Terminal, Phase-I [Part-A], Hazira",Oil & Gas,,Ministry of Petroleum & Natural Gas,Oil and Natural Gas Corporation Limited [ONGC],0,,249,249.43,,210.45,27/05/2022,,10/02/2025,30/04/2026,,0,0,0,,,95,0,,0.4300000000000068,0.17,ONGC.NS,ONGC
709845,"Revamping of SV Stations, Gas Terminal & Kribhco Terminal",Oil & Gas,,Ministry of Petroleum & Natural Gas,Oil and Natural Gas Corporation Limited [ONGC],0,,837,837.34,,257.06,30/11/2022,,31/08/2026,31/08/2026,,0,0,0,,,54,0,,0.34000000000003183,0.04,ONGC.NS,ONGC
706777,Baranagar-Barrackpore and Dakshineshwar- Construction of Metro Railway,Railways,,Ministry of Railways,RVNL - II,0,,2298,2734.0,,393.0,15/03/2010,,31/12/2026,26/12/2025,,0,0,0,,,17,0,,436.0,18.97,RVNL.NS,RVNL
705428,Bhanupalli-Bilaspur-Beri New Railway Line Project,Railways,,Ministry of Railways,RVNL - II,0,,13447,13447.0,,6391.15,31/03/2009,,31/12/2026,30/12/2027,,0,0,0,,,59,0,,0.0,0.0,RVNL.NS,RVNL
705660,Doubling of Katni - Singrauli Railway Line [261 km],Railways,,Ministry of Railways,Indian Railway Construction International Limited [IRCON],0,,2445,4377.0,,3201.67,31/03/2016,,26/12/2025,27/12/2025,,0,0,0,,,100,0,,1932.0,79.02,IRCON.NS,IRCON International
400277,Dum Dum Airport-New Garia via Rajarhat-Construction of Metro Railway,Railways,,Ministry of Railways,RVNL - II,0,,8964,8964.0,,8097.47,15/03/2010,,31/12/2025,31/03/2026,,0,0,0,,,80,0,,0.0,0.0,RVNL.NS,RVNL
705444,Gevra Road-Pendra Road New Railway Line [135 km],Railways,,Ministry of Railways,Indian Railway Construction International Limited [IRCON],0,,4970,7448.52,,4696.68,05/04/2014,,31/03/2022,31/12/2025,,0,0,0,,,75,0,,2478.5200000000004,49.87,IRCON.NS,IRCON International
705650,Hospet - Tinaighat - Vasco Rail Doubling Project,Railways,,Ministry of Railways,RVNL - II,0,,5060,5060.0,,5007.82,31/03/2010,,31/03/2027,30/12/2027,,0,0,0,,,86,0,,0.0,0.0,RVNL.NS,RVNL
705763,Indore - Budni New Railway Line [198 kms],Railways,,Ministry of Railways,RVNL - II,0,,7474,7474.0,,1658.03,21/08/2019,,30/09/2030,30/09/2030,,0,0,0,,,22,0,,0.0,0.0,RVNL.NS,RVNL
705450,Jogbani-Biratnagar New Rail Line project,Railways,,Ministry of Railways,Indian Railway Construction International Limited [IRCON],0,,402,486.0,,361.0,28/06/2010,,31/03/2022,31/12/2026,,0,0,0,,,86,0,,84.0,20.9,IRCON.NS,IRCON International
705730,Joka-BBD Bag new metro project,Railways,,Ministry of Railways,RVNL - II,0,,4835,10362.0,,4361.23,05/03/2010,,31/12/2026,31/12/2028,,0,0,0,,,59,0,,5527.0,114.31,RVNL.NS,RVNL
705661,Katni Grade Separator/Bye Pass,Railways,,Ministry of Railways,Indian Railway Construction International Limited [IRCON],0,,1248,1248.0,,1810.01,31/03/2016,,30/09/2024,30/09/2026,,0,0,0,,,95,0,,0.0,0.0,IRCON.NS,IRCON International
705668,KHARAGPUR-ADITYAPUR THIRD RAIL LINE- 132 KM,Railways,,Ministry of Railways,RVNL - II,0,,3250,3250.0,,3176.46,05/09/2016,,31/03/2025,31/12/2025,,0,0,0,,,97,0,,0.0,0.0,RVNL.NS,RVNL
400220,Kharsia-Dharamjaygarh with Spur line [East Corridor-Phase 1],Railways,,Ministry of Railways,Indian Railway Construction International Limited [IRCON],0,,3055,3407.09,,2609.75,05/03/2016,,30/09/2018,31/03/2026,,0,0,0,,,94,0,,352.09000000000015,11.53,IRCON.NS,IRCON International
705667,Mathura-Jhansi Third Railway Line [274 Km],Railways,,Ministry of Railways,RVNL - II,0,,5961,5961.0,,4928.62,11/12/2015,,31/12/2024,31/12/2026,,0,0,0,,,94,0,,0.0,0.0,RVNL.NS,RVNL
617409,Railway Manufacturing Unit,Railways,,Ministry of Railways,RVNL - II,0,,521,,,439.95,01/07/2016,,31/12/2026,31/03/2026,,0,0,0,,,80,0,,,,RVNL.NS,RVNL
706759,Rampur Dumra-Tal-Rajendrapul Additional Bridge and Railway Line Doubling,Railways,,Ministry of Railways,Indian Railway Construction International Limited [IRCON],0,,2374,1700.24,,1402.95,31/03/2016,,01/12/2024,31/12/2025,,0,0,0,,,95,0,,-673.76,-28.38,IRCON.NS,IRCON International
705432,Sivok-Rangpo New Rail Line,Railways,,Ministry of Railways,Indian Railway Construction International Limited [IRCON],0,,7877,11775.0,,10027.6,30/10/2009,,31/05/2015,31/12/2027,,0,0,0,,,90,0,,3898.0,49.49,IRCON.NS,IRCON International
400234,Third Railway Line between Patratu-Sonnagar [281 kms],Railways,,Ministry of Railways,RVNL - II,0,,8975,8975.0,,4950.0,24/11/2016,,31/03/2026,31/07/2026,,0,0,0,,,88,0,,0.0,0.0,RVNL.NS,RVNL
705648,Vijaywada-Gudur 3rd Line,Railways,,Ministry of Railways,RVNL - II,0,,6654,6654.0,,6087.52,24/08/2016,,30/11/2024,31/03/2026,,0,0,0,,,94,0,,0.0,0.0,RVNL.NS,RVNL
400253,Vizianagaram - Titlagarh 3rd line  [272 Km including By - pass line of 7.68 KM],Railways,,Ministry of Railways,RVNL - II,0,,4803,6669.91,,5722.01,10/06/2016,,26/12/2025,26/12/2025,,0,0,0,,,89,0,,1866.9099999999999,38.87,RVNL.NS,RVNL
400065,Installation of 4th Slab Caster along with its Auxiliaries and a New Ladle Furnace in SMS-II at Rourkela Steel Plant,Steel,,Ministry of Steel,Steel Authority of India Limited [SAIL],0,,1105,,,736.47,21/01/2022,,15/05/2025,15/07/2025,,0,0,0,,,96,0,,,,SAIL.NS,SAIL
617242,Installation of New Bar Mill at Durgapur Steel Plant,Steel,,Ministry of Steel,Steel Authority of India Limited [SAIL],0,,2115,,,206.67,07/09/2024,,30/06/2027,,,0,0,0,,,24,0,,,,SAIL.NS,SAIL
400174,"New Sinter Plant at BSL, SAIL",Steel,,Ministry of Steel,Steel Authority of India Limited [SAIL],0,,1034,1752.3,,1006.59,30/03/2015,,31/10/2017,30/06/2027,,0,0,0,,,64,0,,718.3,69.47,SAIL.NS,SAIL
612781,Rebuilding of COB 4 at Durgapur Steel Plant,Steel,,Ministry of Steel,Steel Authority of India Limited [SAIL],0,,917,,,190.28,11/09/2023,,08/12/2026,30/09/2027,,0,0,0,,,33,0,,,,SAIL.NS,SAIL
617257,Rebuilding of Coke Oven Battery No.6 at Bokaro Steel Plant,Steel,,Ministry of Steel,Steel Authority of India Limited [SAIL],0,,627,,,342.26,15/11/2023,,15/11/2026,30/11/2027,,0,0,0,,,66,0,,,,SAIL.NS,SAIL
617256,Rebuilding of Coke Oven Battery No.7 & 8 at Bhilai Steel Plant,Steel,,Ministry of Steel,Steel Authority of India Limited [SAIL],0,,884,,,607.98,30/11/2023,,31/10/2025,30/09/2026,,0,0,0,,,91,0,,,,SAIL.NS,SAIL
617255,"Replacement of Converter Vessels, Trunnion Rings, Support System & Installation of Secondary Emission at Bhilai Steel Plant",Steel,,Ministry of Steel,Steel Authority of India Limited [SAIL],0,,472,,,257.18,31/10/2023,,14/06/2026,30/09/2026,,0,0,0,,,69,0,,,,SAIL.NS,SAIL
617249,Replacement of existing Grinders in CRM-I & II at Bokaro Steel Plant,Steel,,Ministry of Steel,Steel Authority of India Limited [SAIL],0,,212,,,15.04,20/01/2025,,27/01/2027,,,0,0,0,,,10,0,,,,SAIL.NS,SAIL
617243,Replacement of Hot Leveller No.1 of Plate Mill at Bhilai Steel Plant,Steel,,Ministry of Steel,Steel Authority of India Limited [SAIL],0,,199,,,10.53,26/07/2024,,29/07/2026,,,0,0,0,,,8,0,,,,SAIL.NS,SAIL
617254,Replacement of remaining 04 sets  of Battery Cyclones with 04 Nos. of ESPs in Sinter Plant-1 at Bokaro Steel Plant,Steel,,Ministry of Steel,Steel Authority of India Limited [SAIL],0,,260,,,102.86,28/03/2024,,29/06/2026,30/04/2027,,0,0,0,,,44,0,,,,SAIL.NS,SAIL
617251,Revamping of Air Pollution Control Systems of SP-1 at Durgapur Steel Plant,Steel,,Ministry of Steel,Steel Authority of India Limited [SAIL],0,,196,,,65.5,11/07/2024,,27/05/2026,31/08/2026,,0,0,0,,,32,0,,,,SAIL.NS,SAIL
617253,Revamping of old sub-systems of Blast Furnace 3 at Bokaro Steel Plant,Steel,,Ministry of Steel,Steel Authority of India Limited [SAIL],0,,514,,,364.76,09/08/2023,,03/07/2025,30/05/2026,,0,0,0,,,84,0,,,,SAIL.NS,SAIL
617250,Secondary Emission Control in Converters of SMS-II at Bokaro Steel Plant,Steel,,Ministry of Steel,Steel Authority of India Limited [SAIL],0,,207,,,70.84,20/01/2025,,25/10/2026,30/04/2027,,0,0,0,,,43,0,,,,SAIL.NS,SAIL
617338,Stamp Charge Battery No.12 Battery Proper at IISCO Steel Plant,Steel,,Ministry of Steel,Steel Authority of India Limited [SAIL],0,,2518,,,152.23,20/01/2025,,20/07/2028,,,0,0,0,,,4,0,,,,SAIL.NS,SAIL
617248,Third Ladle Furnace in Secondary Refinery Unit at IISCO Steel Plant,Steel,,Ministry of Steel,Steel Authority of India Limited [SAIL],0,,228,,,103.97,16/11/2024,,17/07/2026,30/11/2026,,0,0,0,,,75,0,,,,SAIL.NS,SAIL
617246,Up-gradation of Blast Furnace No. 3 at Durgapur Steel Plant,Steel,,Ministry of Steel,Steel Authority of India Limited [SAIL],0,,758,,,213.61,09/09/2024,,07/06/2026,31/10/2027,,0,0,0,,,34,0,,,,SAIL.NS,SAIL
615337,Additional Transmission System for evacuation of Power from Bhadla-III PS as part of Rajasthan REZ Phase III Scheme [20 GW] [SPV Name POWERGRID Bhadla-III Power Transmission Limited],Transmission & Distribution,,Ministry of Power,Power Grid Corporation of India Limited [POWERGRID],0,,369,,,206.64,28/08/2024,,27/02/2026,30/09/2026,,0,0,0,,,59,0,,,,POWERGRID.NS,Power Grid Corporation
617181,"Augmentation at Fatehgarh-II PS, Fatehgarh-IV PS [Section-II] and Barmer-I PS [POWERGRID Fatehgarh Barmer Augmentation Transmission Limited]",Transmission & Distribution,,Ministry of Power,Power Grid Corporation of India Limited [POWERGRID],0,,404,,,26.26,21/03/2025,,20/12/2026,30/06/2027,,0,0,0,,,7,0,,,,POWERGRID.NS,Power Grid Corporation
612856,Augmentation of 1x1500 MVA 3rd  765/400 kV transformation capacity at Kurnool New Substation,Transmission & Distribution,,Ministry of Power,Power Grid Corporation of India Limited [POWERGRID],0,,164,,,50.72,01/05/2023,,26/09/2025,30/11/2025,,0,0,0,,,39,0,,,,POWERGRID.NS,Power Grid Corporation
619028,Augmentation of 1x500 MVA 400/220kV ICT [3rd] at Thrissur VSC HVDC Station in Kerala,Transmission & Distribution,,Ministry of Power,Power Grid Corporation of India Limited [POWERGRID],0,,173,,,0.9,21/08/2025,,21/08/2027,,,0,0,0,,,0,0,,,,POWERGRID.NS,Power Grid Corporation
617182,Augmentation of Banaskantha [Raghanesda] PS [GIS] [POWERGRID Banaskantha Transco Limited],Transmission & Distribution,,Ministry of Power,Power Grid Corporation of India Limited [POWERGRID],0,,172,,,1.72,24/03/2025,,23/03/2027,,,0,0,0,,,0,0,,,,POWERGRID.NS,Power Grid Corporation
617802,Augmentation of Transformation Capacity and Implementation of Line Bays at  Mandsaur S/S for RE Interconnection [SPV Name- POWERGRID Mandsaur I RE Transmission Limited],Transmission & Distribution,,Ministry of Power,Power Grid Corporation of India Limited [POWERGRID],0,,319,,,0.1,08/10/2025,,30/03/2028,,,0,0,0,,,0,0,,,,POWERGRID.NS,Power Grid Corporation
617391,Augmentation of Transformation Capacity at Bhuj-II PS [GIS],Transmission & Distribution,,Ministry of Power,Power Grid Corporation of India Limited [POWERGRID],0,,488,,,4.88,24/02/2025,,23/11/2026,30/06/2027,,0,0,0,,,1,0,,,,POWERGRID.NS,Power Grid Corporation
615342,Augmentation of Transformation Capacity at jam Khambhaliya PS [GIS] [SPV Name POWERGRID Jam Khambhaliya Transmission Limited],Transmission & Distribution,,Ministry of Power,Power Grid Corporation of India Limited [POWERGRID],0,,329,,,23.03,15/10/2024,,14/07/2026,30/04/2027,,0,0,0,,,8,0,,,,POWERGRID.NS,Power Grid Corporation
617069,Augmentation of Transformation Capacity at KPS1 [GIS] and KPS2 [GIS] [Phase-V Part B1 and Part B2 Scheme]  [SPV Name- POWERGRID KPS1 and 2 Augmentation Transmission Limited],Transmission & Distribution,,Ministry of Power,Power Grid Corporation of India Limited [POWERGRID],0,,466,,,111.84,18/02/2025,,17/02/2027,,,0,0,0,,,30,0,,,,POWERGRID.NS,Power Grid Corporation
617068,"Augmentation of Transformation Capacity by 3x500 MVA, 400/220 KV ICTS [6th-8th] and 1x1500 MVA, 765/400 KV ICT [4th] at Bidar PS  [SPV Name- POWERGRID Bidar Augmentation Transmission Limited]",Transmission & Distribution,,Ministry of Power,Power Grid Corporation of India Limited [POWERGRID],0,,288,,,11.52,18/02/2025,,30/06/2027,,,0,0,0,,,4,0,,,,POWERGRID.NS,Power Grid Corporation
602223,Comprehensive Scheme for Strengthening of Transmission and Distribution [T&D] Systems [CSST&DS] in Arunachal Pradesh and Sikkim,Transmission & Distribution,,Ministry of Power,Power Grid Corporation of India Limited [POWERGRID],0,,4754,9129.32,,7462.2,31/03/2021,,19/12/2018,31/03/2027,,0,0,0,,,81,0,,4375.32,92.03,POWERGRID.NS,Power Grid Corporation
617271,Eastern Region  Expansion Scheme-43 [ERES-43],Transmission & Distribution,,Ministry of Power,Power Grid Corporation of India Limited [POWERGRID],0,,343,,,0.7,02/09/2024,,01/03/2026,30/06/2026,,0,0,0,,,0,0,,,,POWERGRID.NS,Power Grid Corporation
617270,Eastern Region  Expansion Scheme-44 [ERES-44],Transmission & Distribution,,Ministry of Power,Power Grid Corporation of India Limited [POWERGRID],0,,409,,,0.32,25/11/2024,,24/05/2026,30/06/2026,,0,0,0,,,0,0,,,,POWERGRID.NS,Power Grid Corporation
611660,Establishment of Khavda Pooling Station-2 KPS2 in Khavda RE Park KPS2 TRANSMISSION SYSTEM LIMITED,Transmission & Distribution,,Ministry of Power,Power Grid Corporation of India Limited [POWERGRID],0,,967,,,936.24,21/03/2023,,31/12/2024,30/11/2025,,0,0,0,,,97,0,,,,POWERGRID.NS,Power Grid Corporation
617272,Implementation of LILO of both circuits of 400KV vindhyachal PS-Sasan D/C Line at Hindalco Switchyard,Transmission & Distribution,,Ministry of Power,Power Grid Corporation of India Limited [POWERGRID],0,,370,,,1.0,07/06/2024,,06/12/2026,,,0,0,0,,,1,0,,,,POWERGRID.NS,Power Grid Corporation
617326,Implementation of Transmission Systems in the State of Jharkhand consisting of 400/220/132/33 kV transmission lines and substations under Jharkhand Consultancy Project,Transmission & Distribution,,Ministry of Power,Power Grid Corporation of India Limited [POWERGRID],0,,1842,,,1648.05,24/02/2012,,31/03/2026,31/08/2026,,0,0,0,,,95,0,,,,POWERGRID.NS,Power Grid Corporation
617807,Inter-regional [NR-WR] Transmission System strengthening to relieve the loading of 765 kV Vindhyachal-Varanasi D/c line,Transmission & Distribution,,Ministry of Power,Power Grid Corporation of India Limited [POWERGRID],0,,2368,,,0.1,16/10/2025,,16/10/2027,,,0,0,0,,,0,0,,,,POWERGRID.NS,Power Grid Corporation
619030,Inter-Regional Strengthening between SR Grid and ER Grid,Transmission & Distribution,,Ministry of Power,Power Grid Corporation of India Limited [POWERGRID],0,,2722,,,13.4,03/02/2026,,03/08/2028,,,0,0,0,,,1,0,,,,POWERGRID.NS,Power Grid Corporation
617808,Inter-Regional Strengthening between SR Grid and WR Grid,Transmission & Distribution,,Ministry of Power,Power Grid Corporation of India Limited [POWERGRID],0,,1007,,,0.1,17/10/2025,,17/10/2027,,,0,0,0,,,0,0,,,,POWERGRID.NS,Power Grid Corporation
617405,Jamnagar Transmission Limited,Transmission & Distribution,,Ministry of Power,Adani Transmission Limited,0,,4000,,,268.0,,,14/10/2026,,,0,0,0,,,16,0,,,,ADANIT.NS,Adani Transmission
619049,Khavda IVA Power Transmission Limited,Transmission & Distribution,,Ministry of Power,Adani Transmission Limited,0,,4500,,,1876.33,30/08/2024,,30/08/2026,,,0,0,0,,,55,0,,,,ADANIT.NS,Adani Transmission
619026,KPSIII HVDC Transmission Limited,Transmission & Distribution,,Ministry of Power,Adani Transmission Limited,0,,19000,,,0.0,,,12/12/2029,,,0,0,0,,,0,0,,,,ADANIT.NS,Adani Transmission
619024,Mahan Transmission Limited,Transmission & Distribution,,Ministry of Power,Adani Transmission Limited,0,,3125,,,260.79,26/03/2025,,25/04/2027,,,0,0,0,,,16,0,,,,ADANIT.NS,Adani Transmission
619227,Network Expansion Scheme in Maharashtra for removal of Transmission constraints in Pune Region-I [765/400kV AIS Pune East],Transmission & Distribution,,Ministry of Power,Power Grid Corporation of India Limited [POWERGRID],0,,1420,,,2.84,12/03/2026,,11/03/2028,,,0,0,0,,,0,0,,,,POWERGRID.NS,Power Grid Corporation
617375,North Eastern Region Expansion Scheme-XXIII [NERES-XXIII],Transmission & Distribution,,Ministry of Power,Power Grid Corporation of India Limited [POWERGRID],0,,209,,,0.02,04/08/2025,,03/02/2028,,,0,0,0,,,0,0,,,,POWERGRID.NS,Power Grid Corporation
607709,NORTH EASTERN REGION POWER SYSTEM IMPROVEMENT PROJECT [NERPSIP],Transmission & Distribution,,Ministry of Power,Power Grid Corporation of India Limited [POWERGRID],0,,5111,6700.0,,5253.47,01/12/2014,,31/12/2018,30/09/2025,,0,0,0,,,96,0,,1589.0,31.09,POWERGRID.NS,Power Grid Corporation
615343,Provision of Dynamic Reactive Compensation at Khavda pooling Station 1 [KPS1] and Khavda Pooling station 3 [KPS3],Transmission & Distribution,,Ministry of Power,Power Grid Corporation of India Limited [POWERGRID],0,,501,,,15.03,07/11/2024,,06/11/2026,,,0,0,0,,,4,0,,,,POWERGRID.NS,Power Grid Corporation
617801,Provision of ICT Augmentation & Bus Reactor at Bhuj-II PS,Transmission & Distribution,,Ministry of Power,Power Grid Corporation of India Limited [POWERGRID],0,,582,,,11.63,18/03/2025,,18/12/2026,30/06/2027,,0,0,0,,,2,0,,,,POWERGRID.NS,Power Grid Corporation
619025,RAJASTHAN PART I POWER TRANSMISSION LIMITED,Transmission & Distribution,,Ministry of Power,Adani Transmission Limited,0,,25000,,,227.05,20/01/2025,,20/07/2029,,,0,0,0,,,1,0,,,,ADANIT.NS,Adani Transmission
617186,Rajasthan REZ Ph-V [Part-1- 4 GW] [Sirohi/Nagaur] Complex [Rajasthan V Power Transmission Limited],Transmission & Distribution,,Ministry of Power,Power Grid Corporation of India Limited [POWERGRID],0,,5028,,,1054.2,24/03/2025,,23/03/2027,30/06/2027,,0,0,0,,,24,0,,,,POWERGRID.NS,Power Grid Corporation
616672,System Strengthening at Koppal-II and GadagII for integration of RE generation projects [SPV Name POWERGRID Koppal Gadag Augmentation Transmission Limited],Transmission & Distribution,,Ministry of Power,Power Grid Corporation of India Limited [POWERGRID],0,,1354,,,148.94,16/01/2025,,01/06/2027,,,0,0,0,,,13,0,,,,POWERGRID.NS,Power Grid Corporation
400005,Transmission Network Expansion in Gujarat to increase its ATC from ISTS Part B,Transmission & Distribution,,Ministry of Power,Power Grid Corporation of India Limited [POWERGRID],0,,4546,,,4358.49,13/01/2022,,12/06/2023,31/03/2026,,0,0,0,,,95,0,,,,POWERGRID.NS,Power Grid Corporation
611656,Transmission scheme for evacuation of 4.5GW RE injection at Khavda PS under Phase II- Part B,Transmission & Distribution,,Ministry of Power,Power Grid Corporation of India Limited [POWERGRID],0,,1168,1167.0,,1147.74,21/03/2023,,31/03/2025,30/11/2025,,0,0,0,,,97,0,,-1.0,-0.09,POWERGRID.NS,Power Grid Corporation
611657,Transmission scheme for evacuation of 4.5GW RE injection at Khavda PS under Phase II- Part C,Transmission & Distribution,,Ministry of Power,Power Grid Corporation of India Limited [POWERGRID],0,,2821,,,2454.26,21/03/2023,,31/03/2025,30/11/2025,,0,0,0,,,84,0,,,,POWERGRID.NS,Power Grid Corporation
617179,Transmission Scheme for evacuation of Power from Ratle HEP [850 MW] & kiru [624 MW] Part B,Transmission & Distribution,,Ministry of Power,Power Grid Corporation of India Limited [POWERGRID],0,,219,,,3.28,15/07/2024,,14/07/2026,30/06/2027,,0,0,0,,,2,0,,,,POWERGRID.NS,Power Grid Corporation
612132,Transmission Scheme for Evacuation of power from REZ in Rajasthan [20 GW] under Phase-III Part D [Sikar Khetri Transmission Ltd],Transmission & Distribution,,Ministry of Power,Power Grid Corporation of India Limited [POWERGRID],0,,2000,,,1460.0,09/02/2024,,08/08/2025,30/06/2026,,0,0,0,,,68,0,,,,POWERGRID.NS,Power Grid Corporation
617184,Transmission Scheme for integration of Davanagere/ Chitradurga and Bellary REZ in Karnataka  [POWERGRID Chitradurga Bellary REZ Transmission Limited],Transmission & Distribution,,Ministry of Power,Power Grid Corporation of India Limited [POWERGRID],0,,3453,,,20.7,21/03/2025,,20/09/2027,,,0,0,0,,,0,0,,,,POWERGRID.NS,Power Grid Corporation
612140,Transmission Scheme for Integration of Renewable Energy Zone [Phase II] in Koppal II [Phase A&B] and gadag II[Phase A] in Karnataka [POWERGRID KOPPAL GADAG TRANSMISSION LIMITED],Transmission & Distribution,,Ministry of Power,Power Grid Corporation of India Limited [POWERGRID],0,,2889,,,1533.89,26/12/2023,,25/12/2025,30/06/2026,,0,0,0,,,54,0,,,,POWERGRID.NS,Power Grid Corporation
611967,Transmission Scheme for Solar Energy Zone in Ananthpuram 2500MW and Kurnool 1000MW,Transmission & Distribution,,Ministry of Power,Power Grid Corporation of India Limited [POWERGRID],0,,823,,,798.31,27/09/2023,,30/09/2025,31/05/2026,,0,0,0,,,98,0,,,,POWERGRID.NS,Power Grid Corporation
612138,"Transmission Scheme for Solar Energy Zone in Bidar [2500 MW], Karnataka [Bidar Transmission Ltd]",Transmission & Distribution,,Ministry of Power,Power Grid Corporation of India Limited [POWERGRID],0,,1368,,,1190.16,09/02/2024,,08/02/2026,30/06/2026,,0,0,0,,,89,0,,,,POWERGRID.NS,Power Grid Corporation
612139,Transmission system for Evacuation of Additional 7 GW RE power from Khavda RE park under Phase-III Part B [Vataman Transmission Limited],Transmission & Distribution,,Ministry of Power,Power Grid Corporation of India Limited [POWERGRID],0,,3752,,,1500.72,26/12/2023,,25/12/2025,30/06/2026,,0,0,0,,,21,0,,,,POWERGRID.NS,Power Grid Corporation
617279,Transmission System for evacuation of power from Mahan Energen Limited Generating Station in Madhya Pradesh [SPV Name - POWERGRID MEL Power Transmission Limited],Transmission & Distribution,,Ministry of Power,Power Grid Corporation of India Limited [POWERGRID],0,,558,,,16.74,04/06/2025,,04/12/2027,,,0,0,0,,,0,0,,,,POWERGRID.NS,Power Grid Corporation
608302,Transmission system for evacuation of Power from Pakaldul HEP in Chenab Valley HEPs - LTA System,Transmission & Distribution,,Ministry of Power,Power Grid Corporation of India Limited [POWERGRID],0,,318,,,287.31,01/02/2022,,30/04/2025,30/09/2025,,0,0,0,,,99,0,,,,POWERGRID.NS,Power Grid Corporation
612855,Transmission System for Evacuation of Power from Potential Energy Renewable Zone in Khavda Area of Gujarat under Ph-IV [7GW] Part E2,Transmission & Distribution,,Ministry of Power,Power Grid Corporation of India Limited [POWERGRID],0,,679,,,81.48,30/05/2024,,30/05/2026,28/02/2026,,0,0,0,,,18,0,,,,POWERGRID.NS,Power Grid Corporation
611966,Transmission System for Evacuation of power from Potential RE Zone in Khavda Area of Gujarat under phase IV 7GW-Part E4,Transmission & Distribution,,Ministry of Power,Power Grid Corporation of India Limited [POWERGRID],0,,224,,,197.47,01/11/2023,,09/07/2025,30/04/2026,,0,0,0,,,91,0,,,,POWERGRID.NS,Power Grid Corporation
612151,Transmission System for Evacuation of Power from potential Renewable Energy zone in Khavda Area of Gujarat under Phase IV [7 GW] Part E3,Transmission & Distribution,,Ministry of Power,Power Grid Corporation of India Limited [POWERGRID],0,,334,,,327.32,01/07/2023,,31/07/2025,30/04/2026,,0,0,0,,,100,0,,,,POWERGRID.NS,Power Grid Corporation
615345,Transmission System for Evacuation of Power from Potential Renewable Energy Zone in Khavda area of Gujarat under Phase-IV [7GW] Part B [SPV Name POWERGRID South Olpad Transmission Limited],Transmission & Distribution,,Ministry of Power,Power Grid Corporation of India Limited [POWERGRID],0,,4766,,,1048.56,15/10/2024,,14/10/2026,31/03/2027,,0,0,0,,,12,0,,,,POWERGRID.NS,Power Grid Corporation
615347,TRANSMISSION SYSTEM FOR EVACUATION OF POWER FROM POTENTIAL RENEWABLE ENERGY ZONE IN KHAVDA AREA OF GUJARAT UNDER PHASE-V [8 GW] PART A   [SPV Name POWERGRID West Central Transmission Limited],Transmission & Distribution,,Ministry of Power,Power Grid Corporation of India Limited [POWERGRID],0,,24819,,,1489.14,19/11/2024,,18/05/2029,,,0,0,0,,,1,0,,,,POWERGRID.NS,Power Grid Corporation
615338,TRANSMISSION SYSTEM FOR EVACUATION OF POWER FROM RAJASTHAN REZ PH -IV [PART-2 5.5 GW] [JAISALMER/BARMER COMPLEX] PART F [SPV Name POWERGRID BARMER I TRANSMISSION LIMITED],Transmission & Distribution,,Ministry of Power,Power Grid Corporation of India Limited [POWERGRID],0,,2735,,,1100.29,07/11/2024,,06/11/2026,30/06/2027,,0,0,0,,,43,0,,,,POWERGRID.NS,Power Grid Corporation
612134,Transmission System for Evacuation of power from Rajasthan REZ Ph-IV [Part-1] [Bikaner Complex] Part A [Bikaner Neemrana  Transmission Ltd],Transmission & Distribution,,Ministry of Power,Power Grid Corporation of India Limited [POWERGRID],0,,2998,,,1978.9,27/12/2023,,26/12/2025,30/06/2026,,0,0,0,,,54,0,,,,POWERGRID.NS,Power Grid Corporation
612133,Transmission System for Evacuation of power from Rajasthan REZ Ph-IV [Part-1] [Bikaner Complex] Part D [Neemrana Bareilly Transmission Ltd],Transmission & Distribution,,Ministry of Power,Power Grid Corporation of India Limited [POWERGRID],0,,2056,,,1336.4,27/12/2023,,26/12/2025,30/06/2026,,0,0,0,,,55,0,,,,POWERGRID.NS,Power Grid Corporation
615344,Transmission System for Evacuation of Power from Rajasthan REZ Ph-IV [Part-2  5.5GW] [Jaisalmer/Barmer Complex] Part H1 [POWERGRID KURAWAR TRANSMISSION LIMITED],Transmission & Distribution,,Ministry of Power,Power Grid Corporation of India Limited [POWERGRID],0,,3674,,,1304.27,15/10/2024,,14/10/2026,30/06/2027,,0,0,0,,,35,0,,,,POWERGRID.NS,Power Grid Corporation
615346,Transmission System for Evacuation of Power from Rajasthan REZ Ph-IV [Part-2 5.5 GW] [Jaisalmer/Barmer Complex] Part C [SPV Name POWERGRID Mandsaur Transmission Limited],Transmission & Distribution,,Ministry of Power,Power Grid Corporation of India Limited [POWERGRID],0,,2708,,,1462.32,19/08/2024,,18/08/2026,28/02/2027,,0,0,0,,,55,0,,,,POWERGRID.NS,Power Grid Corporation
615333,Transmission System for Evacuation of Power from Rajasthan REZ Ph-IV [Part-2 5.5 GW] [Jaisalmer/Barmer Complex] Part D [SPV Name POWERGRID Beawar Mandsaur Transmission Limited],Transmission & Distribution,,Ministry of Power,Power Grid Corporation of India Limited [POWERGRID],0,,2227,,,1024.42,22/08/2024,,21/08/2026,31/12/2026,,0,0,0,,,47,0,,,,POWERGRID.NS,Power Grid Corporation
615334,Transmission System for Evacuation of Power from Rajasthan REZ Ph-IV [Part-2 5.5 GW] [Jaisalmer/Barmer Complex] Part E [SPV Name POWERGRID Mewar Transmission Limited],Transmission & Distribution,,Ministry of Power,Power Grid Corporation of India Limited [POWERGRID],0,,3251,,,1592.99,19/08/2024,,18/08/2026,30/04/2027,,0,0,0,,,37,0,,,,POWERGRID.NS,Power Grid Corporation
615332,Transmission System for Evacuation of Power from Rajasthan REZ Ph-IV [Part-2 5.5 GW][Jaisalmer/Barmer Complex] Part B [SPV Name  POWERGRID Sirohi Transmission Limited],Transmission & Distribution,,Ministry of Power,Power Grid Corporation of India Limited [POWERGRID],0,,3279,,,1442.76,23/08/2024,,22/08/2026,31/03/2027,,0,0,0,,,44,0,,,,POWERGRID.NS,Power Grid Corporation
615340,TRANSMISSION SYSTEM FOR EVACUATION OF POWER FROM RAJASTHAN REZ PH-IV [PART-3/ 6 GW] [BIKANER COMPLEX] PART B [SPV Name POWERGRID Siwani Transmission Limited],Transmission & Distribution,,Ministry of Power,Power Grid Corporation of India Limited [POWERGRID],0,,5357,,,1339.25,12/11/2024,,11/11/2026,30/06/2027,,0,0,0,,,26,0,,,,POWERGRID.NS,Power Grid Corporation
615339,Transmission system for evacuation of power from Rajasthan REZ Ph-IV [Part-3/6GW] [Bikaner complex] Part A [SPV Name POWERGRID Bikaner IV Transmission Limited],Transmission & Distribution,,Ministry of Power,Power Grid Corporation of India Limited [POWERGRID],0,,5969,,,1193.8,12/11/2024,,11/11/2026,30/04/2027,,0,0,0,,,22,0,,,,POWERGRID.NS,Power Grid Corporation
616670,Transmission System for evacuation of Power from Rajasthan REZ Ph-IV [Part-4 3.5 GW] Part A  [SPV name POWERGRID Ghiror Transmission Limited],Transmission & Distribution,,Ministry of Power,Power Grid Corporation of India Limited [POWERGRID],0,,5846,,,1461.5,30/12/2024,,30/12/2026,30/06/2027,,0,0,0,,,28,0,,,,POWERGRID.NS,Power Grid Corporation
615336,Transmission system for evacuation of Power from REZ in Rajasthan [20 GW] under phase-III Part-D Phase-II,Transmission & Distribution,,Ministry of Power,Power Grid Corporation of India Limited [POWERGRID],0,,284,,,22.72,07/11/2023,,28/02/2026,31/12/2026,,0,0,0,,,8,0,,,,POWERGRID.NS,Power Grid Corporation
611950,Transmission system for evacuation of power from REZ in Rajasthan 20 GW under Phase-III part B1,Transmission & Distribution,,Ministry of Power,Power Grid Corporation of India Limited [POWERGRID],0,,2191,,,2139.44,27/09/2023,,30/04/2025,28/02/2026,,0,0,0,,,99,0,,,,POWERGRID.NS,Power Grid Corporation
611949,Transmission system for evacuation of power from REZ in Rajasthan 20 GW under Phase-III part C1,Transmission & Distribution,,Ministry of Power,Power Grid Corporation of India Limited [POWERGRID],0,,1160,,,1136.8,26/10/2023,,30/04/2025,31/05/2026,,0,0,0,,,99,0,,,,POWERGRID.NS,Power Grid Corporation
611948,Transmission system for evacuation of power from REZ in Rajasthan 20 GW under Phase-III part H,Transmission & Distribution,,Ministry of Power,Power Grid Corporation of India Limited [POWERGRID],0,,1910,,,1851.81,30/10/2023,,30/04/2025,30/06/2026,,0,0,0,,,98,0,,,,POWERGRID.NS,Power Grid Corporation
611947,Transmission System for Evacuation of Power from REZ in Rajasthan 20GW under Phase III- Part E2,Transmission & Distribution,,Ministry of Power,Power Grid Corporation of India Limited [POWERGRID],0,,428,,,406.88,01/11/2023,,15/06/2025,30/06/2026,,0,0,0,,,97,0,,,,POWERGRID.NS,Power Grid Corporation
611951,Transmission system for evacuation of power from REZ in Rajasthan 20GW under Phase-III Part E1,Transmission & Distribution,,Ministry of Power,Power Grid Corporation of India Limited [POWERGRID],0,,689,,,685.98,01/12/2021,,28/02/2025,28/02/2026,,0,0,0,,,99,0,,,,POWERGRID.NS,Power Grid Corporation
611735,Transmission system for evacuation of power from REZ in Rajasthan 20GW under Phase-III Part J,Transmission & Distribution,,Ministry of Power,Power Grid Corporation of India Limited [POWERGRID],0,,331,,,129.09,01/12/2022,,31/03/2025,30/04/2026,,0,0,0,,,30,0,,,,POWERGRID.NS,Power Grid Corporation
617185,Transmission System for Integration of Kurnool-IV REZ  Phase-I [for 4.5 GW] [POWERGRID Kurnool-IV Transmission Limited],Transmission & Distribution,,Ministry of Power,Power Grid Corporation of India Limited [POWERGRID],0,,5550,,,1595.07,24/03/2025,,23/03/2027,30/09/2027,,0,0,0,,,25,0,,,,POWERGRID.NS,Power Grid Corporation
900808,Transmission System for Kurnool Wind Energy Zone/ Solar Energy Zone  Part-A and Part-B,Transmission & Distribution,,Ministry of Power,Power Grid Corporation of India Limited [POWERGRID],0,,3547,,,3369.59,23/11/2022,,30/11/2024,31/01/2026,,0,0,0,,,97,0,,,,POWERGRID.NS,Power Grid Corporation
619029,Transmission System for Reliable Power Supply to Dholera,Transmission & Distribution,,Ministry of Power,Power Grid Corporation of India Limited [POWERGRID],0,,319,,,19.16,02/09/2024,,02/03/2026,30/09/2026,,0,0,0,,,9,0,,,,POWERGRID.NS,Power Grid Corporation
606781,Transmission System for Strengthening of Srinagar-Leh Tr. System,Transmission & Distribution,,Ministry of Power,Power Grid Corporation of India Limited [POWERGRID],0,,289,,,202.1,01/03/2022,,31/12/2024,30/09/2025,,0,0,0,,,59,0,,,,POWERGRID.NS,Power Grid Corporation
617269,Transmission System for Strengthening to facilitate evacuation of power from Bhadla/Bikaner Complex,Transmission & Distribution,,Ministry of Power,Power Grid Corporation of India Limited [POWERGRID],0,,213,,,0.3,10/12/2024,,09/06/2026,31/08/2026,,0,0,0,,,0,0,,,,POWERGRID.NS,Power Grid Corporation
617803,Transmission System Strengthening at Davanagere for Integration of RE Generation [SPV Name - POWERGRID Davanagere Power Transmission Limited],Transmission & Distribution,,Ministry of Power,Power Grid Corporation of India Limited [POWERGRID],0,,379,,,14.81,24/09/2025,,24/09/2027,,,0,0,0,,,1,0,,,,POWERGRID.NS,Power Grid Corporation
617183,Transmission system strengthening at Kurnool- III PS for integration of additional RE generation projects [POWERGRID Kurnool III PS RE Transmission Limited],Transmission & Distribution,,Ministry of Power,Power Grid Corporation of India Limited [POWERGRID],0,,2886,,,117.86,27/03/2025,,31/12/2027,,,0,0,0,,,0,0,,,,POWERGRID.NS,Power Grid Corporation
619228,Transmission System Strengthening for integration of additional RE Potential at Davanagere [0.25 GW] and Bellary [2.75 GW],Transmission & Distribution,,Ministry of Power,Power Grid Corporation of India Limited [POWERGRID],0,,1111,,,13.44,12/02/2026,,11/02/2028,,,0,0,0,,,1,0,,,,POWERGRID.NS,Power Grid Corporation
615335,Transmission System Strengthening for Interconnections of  Bhadla-III & Bikaner III Complex [SPV Name POWERGRID BHADLA BIKANER TRANSMISSION LIMITED],Transmission & Distribution,,Ministry of Power,Power Grid Corporation of India Limited [POWERGRID],0,,1382,,,511.34,30/08/2024,,29/08/2026,31/03/2027,,0,0,0,,,40,0,,,,POWERGRID.NS,Power Grid Corporation
608922,Transmission System Strengthening Scheme for evacuation of power from SEZ in Rajasthan 8.1 GW under Phase II Part G,Transmission & Distribution,,Ministry of Power,Power Grid Corporation of India Limited [POWERGRID],0,,1666,2218.0,,2129.28,11/05/2022,,30/11/2023,30/11/2025,,0,0,0,,,95,0,,552.0,33.13,POWERGRID.NS,Power Grid Corporation
608301,Transmission system strengthening scheme for evacuation of power from solar energy zones in Rajasthan 8.1 GW under Phase II- Part- G1,Transmission & Distribution,,Ministry of Power,Power Grid Corporation of India Limited [POWERGRID],0,,359,,,330.71,01/02/2022,,30/09/2023,30/11/2025,,0,0,0,,,93,0,,,,POWERGRID.NS,Power Grid Corporation
611659,Transmission system strengthening scheme for evacuation of power from solar energy zones in Rajasthan[8.1 GW] under phase-II- Part E,Transmission & Distribution,,Ministry of Power,Power Grid Corporation of India Limited [POWERGRID],0,,1433,1433.0,,1418.67,28/03/2023,,30/09/2024,30/11/2025,,0,0,0,,,98,0,,0.0,0.0,POWERGRID.NS,Power Grid Corporation
616671,Transmission System under ISTS for evacuation of Power from Kudankulam Unit-3&4 [2x1000 MW]  [SPV Name POWERGRID Kudankulam Tarnsmission Limited],Transmission & Distribution,,Ministry of Power,Power Grid Corporation of India Limited [POWERGRID],0,,548,,,117.82,10/01/2025,,31/12/2026,31/03/2027,,0,0,0,,,17,0,,,,POWERGRID.NS,Power Grid Corporation
611737,Western Region Expansion Scheme-XXV,Transmission & Distribution,,Ministry of Power,Power Grid Corporation of India Limited [POWERGRID],0,,386,,,378.16,01/02/2023,,30/11/2023,30/09/2025,,0,0,0,,,96,0,,,,POWERGRID.NS,Power Grid Corporation
619027,WRNES Talegaon Power Transmission Limited,Transmission & Distribution,,Ministry of Power,Adani Transmission Limited,0,,2000,,,1.0,,,01/01/2028,,,0,0,0,,,5,0,,,,ADANIT.NS,Adani Transmission
