Quarter_End,Open_Quarter,Close_Quarter,High_Quarter,Low_Quarter,Quarterly_Return_Pct,Quarterly_Drawdown_Pct,Ticker,CompanyName,Trailing_12M_Return_Pct,Annualized_Volatility_Pct,PAIMANA_Companies
2021-09-30 00:00:00+05:30,94.5160903930664,121.53296661376953,121.53296661376953,93.97432708740234,28.58,-22.68,NTPC.NS,NTPC,,32.15,National Thermal Power Corporation [NTPC]
2021-12-31 00:00:00+05:30,119.86225891113281,106.58231353759766,128.2157745361328,103.88348388671875,-11.08,-18.98,NTPC.NS,NTPC,,27.34,National Thermal Power Corporation [NTPC]
2022-03-31 00:00:00+05:30,107.9531478881836,119.0374526977539,121.7043228149414,107.9531478881836,10.27,-11.3,NTPC.NS,NTPC,,25.72,National Thermal Power Corporation [NTPC]
2022-06-30 00:00:00+05:30,126.04743194580078,126.00334930419922,143.90304565429688,120.3600845336914,-0.03,-16.36,NTPC.NS,NTPC,,33.18,National Thermal Power Corporation [NTPC]
2022-09-30 00:00:00+05:30,124.01939392089844,143.47305297851562,157.35755920410156,122.52040100097656,15.69,-22.14,NTPC.NS,NTPC,18.05,23.4,National Thermal Power Corporation [NTPC]
2022-12-31 00:00:00+05:30,144.10215759277344,149.58401489257812,163.378662109375,144.10215759277344,3.8,-11.8,NTPC.NS,NTPC,40.35,20.12,National Thermal Power Corporation [NTPC]
2023-03-31 00:00:00+05:30,150.9769744873047,161.46923828125,166.67941284179688,149.0897674560547,6.95,-10.55,NTPC.NS,NTPC,35.65,16.94,National Thermal Power Corporation [NTPC]
2023-06-30 00:00:00+05:30,163.95904541015625,174.42552185058594,174.42552185058594,154.09202575683594,6.38,-11.66,NTPC.NS,NTPC,38.43,17.19,National Thermal Power Corporation [NTPC]
2023-09-30 00:00:00+05:30,176.36204528808594,229.60345458984375,229.60345458984375,171.9818115234375,30.19,-25.1,NTPC.NS,NTPC,60.03,24.87,National Thermal Power Corporation [NTPC]
2023-12-31 00:00:00+05:30,225.5359344482422,293.75274658203125,296.3489685058594,216.6061248779297,30.25,-26.91,NTPC.NS,NTPC,96.38,24.41,National Thermal Power Corporation [NTPC]
2024-03-31 00:00:00+05:30,292.4310607910156,320.11993408203125,341.5216979980469,282.5653381347656,9.47,-17.26,NTPC.NS,NTPC,98.25,30.51,National Thermal Power Corporation [NTPC]
2024-06-30 00:00:00+05:30,326.3641357421875,360.68316650390625,373.50506591796875,315.78240966796875,10.52,-15.45,NTPC.NS,NTPC,106.78,43.94,National Thermal Power Corporation [NTPC]
2024-09-30 00:00:00+05:30,352.48468017578125,425.83990478515625,425.83990478515625,347.6228332519531,20.81,-18.37,NTPC.NS,NTPC,85.47,24.71,National Thermal Power Corporation [NTPC]
2024-12-31 00:00:00+05:30,422.861328125,322.2649841308594,422.861328125,320.3797607421875,-23.79,-24.24,NTPC.NS,NTPC,9.71,23.21,National Thermal Power Corporation [NTPC]
2025-03-31 00:00:00+05:30,322.55499267578125,348.40521240234375,357.5148010253906,288.2838134765625,8.01,-19.36,NTPC.NS,NTPC,8.84,31.84,National Thermal Power Corporation [NTPC]
2025-06-30 00:00:00+05:30,343.0953063964844,326.2888488769531,355.176513671875,319.8098449707031,-4.9,-9.96,NTPC.NS,NTPC,-9.54,20.03,National Thermal Power Corporation [NTPC]
2025-09-30 00:00:00+05:30,324.0480041503906,335.05426025390625,342.0909423828125,318.9633483886719,3.4,-6.76,NTPC.NS,NTPC,-21.32,13.85,National Thermal Power Corporation [NTPC]
2025-12-31 00:00:00+05:30,334.8573913574219,327.0805969238281,341.99249267578125,316.1134033203125,-2.32,-7.57,NTPC.NS,NTPC,1.49,12.8,National Thermal Power Corporation [NTPC]
2026-03-31 00:00:00+05:30,333.780029296875,370.6499938964844,390.54998779296875,333.4822998046875,11.05,-14.61,NTPC.NS,NTPC,6.38,25.43,National Thermal Power Corporation [NTPC]
2026-06-30 00:00:00+05:30,364.6499938964844,356.6499938964844,410.20001220703125,348.1000061035156,-2.19,-15.14,NTPC.NS,NTPC,9.3,20.26,National Thermal Power Corporation [NTPC]
2026-09-30 00:00:00+05:30,357.8999938964844,340.0,358.25,336.54998779296875,-5.0,-6.06,NTPC.NS,NTPC,1.48,16.03,National Thermal Power Corporation [NTPC]
2021-09-30 00:00:00+05:30,101.82393646240234,112.02730560302734,115.06546020507812,100.28773498535156,10.02,-12.84,POWERGRID.NS,Power Grid Corporation,,27.35,Power Grid Corporation of India Limited [POWERGRID]
2021-12-31 00:00:00+05:30,113.17766571044922,124.81005096435547,127.22197723388672,107.36687469482422,10.28,-15.61,POWERGRID.NS,Power Grid Corporation,,26.91,Power Grid Corporation of India Limited [POWERGRID]
2022-03-31 00:00:00+05:30,125.17642211914062,136.0599365234375,136.7188720703125,119.93102264404297,8.69,-12.28,POWERGRID.NS,Power Grid Corporation,,28.38,Power Grid Corporation of India Limited [POWERGRID]
2022-06-30 00:00:00+05:30,141.23745727539062,132.98472595214844,153.85189819335938,130.69407653808594,-5.84,-15.05,POWERGRID.NS,Power Grid Corporation,,26.23,Power Grid Corporation of India Limited [POWERGRID]
2022-09-30 00:00:00+05:30,129.59580993652344,134.48094177246094,150.5780792236328,127.28792572021484,3.77,-15.47,POWERGRID.NS,Power Grid Corporation,20.04,27.35,Power Grid Corporation of India Limited [POWERGRID]
2022-12-31 00:00:00+05:30,133.59368896484375,138.6707305908203,149.02542114257812,130.74183654785156,3.8,-12.27,POWERGRID.NS,Power Grid Corporation,11.11,21.74,Power Grid Corporation of India Limited [POWERGRID]
2023-03-31 00:00:00+05:30,139.5467529296875,149.9142303466797,154.1984405517578,135.0369110107422,7.43,-12.43,POWERGRID.NS,Power Grid Corporation,10.18,17.55,Power Grid Corporation of India Limited [POWERGRID]
2023-06-30 00:00:00+05:30,149.18357849121094,169.47549438476562,171.5013427734375,149.18357849121094,13.6,-13.01,POWERGRID.NS,Power Grid Corporation,27.44,20.02,Power Grid Corporation of India Limited [POWERGRID]
2023-09-30 00:00:00+05:30,166.38685607910156,180.3588409423828,184.78314208984375,159.4457550048828,8.4,-13.71,POWERGRID.NS,Power Grid Corporation,34.11,27.54,Power Grid Corporation of India Limited [POWERGRID]
2023-12-31 00:00:00+05:30,180.17823791503906,218.32896423339844,220.07781982421875,177.19859313964844,21.17,-19.48,POWERGRID.NS,Power Grid Corporation,57.44,19.8,Power Grid Corporation of India Limited [POWERGRID]
2024-03-31 00:00:00+05:30,219.29541015625,259.1317443847656,276.07037353515625,214.87730407714844,18.17,-22.17,POWERGRID.NS,Power Grid Corporation,72.85,34.57,Power Grid Corporation of India Limited [POWERGRID]
2024-06-30 00:00:00+05:30,262.1732177734375,309.7134704589844,315.9835510253906,256.46466064453125,18.13,-18.84,POWERGRID.NS,Power Grid Corporation,82.75,40.78,Power Grid Corporation of India Limited [POWERGRID]
2024-09-30 00:00:00+05:30,308.45013427734375,332.95367431640625,344.8432312011719,308.45013427734375,7.94,-10.55,POWERGRID.NS,Power Grid Corporation,84.61,23.46,Power Grid Corporation of India Limited [POWERGRID]
2024-12-31 00:00:00+05:30,331.019287109375,295.4744567871094,331.019287109375,294.3736877441406,-10.74,-11.07,POWERGRID.NS,Power Grid Corporation,35.33,22.42,Power Grid Corporation of India Limited [POWERGRID]
2025-03-31 00:00:00+05:30,297.10162353515625,281.1607360839844,302.509521484375,242.91087341308594,-5.37,-19.7,POWERGRID.NS,Power Grid Corporation,8.5,28.91,Power Grid Corporation of India Limited [POWERGRID]
2025-06-30 00:00:00+05:30,280.1439514160156,290.4084777832031,309.872314453125,276.4642333984375,3.66,-10.78,POWERGRID.NS,Power Grid Corporation,-6.23,26.71,Power Grid Corporation of India Limited [POWERGRID]
2025-09-30 00:00:00+05:30,288.1328430175781,272.55377197265625,290.1664123535156,266.9130554199219,-5.41,-8.01,POWERGRID.NS,Power Grid Corporation,-18.14,15.09,Power Grid Corporation of India Limited [POWERGRID]
2025-12-31 00:00:00+05:30,272.9427795410156,261.66253662109375,287.2391052246094,255.0863494873047,-4.13,-11.19,POWERGRID.NS,Power Grid Corporation,-11.44,17.62,Power Grid Corporation of India Limited [POWERGRID]
2026-03-31 00:00:00+05:30,263.83807373046875,296.1000061035156,307.25,251.22964477539062,12.23,-18.23,POWERGRID.NS,Power Grid Corporation,5.31,25.06,Power Grid Corporation of India Limited [POWERGRID]
2026-06-30 00:00:00+05:30,292.79998779296875,286.29998779296875,320.8999938964844,282.1499938964844,-2.22,-12.08,POWERGRID.NS,Power Grid Corporation,-1.41,19.68,Power Grid Corporation of India Limited [POWERGRID]
2026-09-30 00:00:00+05:30,287.54998779296875,272.3999938964844,289.79998779296875,263.5,-5.27,-9.08,POWERGRID.NS,Power Grid Corporation,-0.06,18.55,Power Grid Corporation of India Limited [POWERGRID]
2021-09-30 00:00:00+05:30,81.79163360595703,107.41860961914062,107.6044921875,81.79163360595703,31.33,-23.99,ONGC.NS,ONGC,,28.3,Oil and Natural Gas Corporation Limited [ONGC]
2021-12-31 00:00:00+05:30,108.71953582763672,109.77025604248047,124.96243286132812,103.29505157470703,0.97,-17.34,ONGC.NS,ONGC,,39.09,Oil and Natural Gas Corporation Limited [ONGC]
2022-03-31 00:00:00+05:30,110.27131652832031,127.67443084716797,145.62991333007812,110.27131652832031,15.78,-24.28,ONGC.NS,ONGC,,43.98,Oil and Natural Gas Corporation Limited [ONGC]
2022-06-30 00:00:00+05:30,130.82931518554688,118.05408477783203,137.99591064453125,104.69459533691406,-9.76,-24.13,ONGC.NS,ONGC,,42.9,Oil and Natural Gas Corporation Limited [ONGC]
2022-09-30 00:00:00+05:30,102.08503723144531,101.12786865234375,110.5388412475586,94.21736145019531,-0.94,-14.77,ONGC.NS,ONGC,-5.86,40.12,Oil and Natural Gas Corporation Limited [ONGC]
2022-12-31 00:00:00+05:30,105.59408569335938,122.89070892333984,123.60250854492188,101.76589965820312,16.38,-17.67,ONGC.NS,ONGC,11.95,19.31,Oil and Natural Gas Corporation Limited [ONGC]
2023-03-31 00:00:00+05:30,125.98914337158203,129.8501434326172,136.03964233398438,120.12725067138672,3.06,-11.7,ONGC.NS,ONGC,1.7,21.87,Oil and Natural Gas Corporation Limited [ONGC]
2023-06-30 00:00:00+05:30,132.08523559570312,137.80189514160156,144.42120361328125,129.4633026123047,4.33,-10.36,ONGC.NS,ONGC,16.73,19.79,Oil and Natural Gas Corporation Limited [ONGC]
2023-09-30 00:00:00+05:30,140.0369873046875,165.3890838623047,165.3890838623047,138.57557678222656,18.1,-16.21,ONGC.NS,ONGC,63.54,18.83,Oil and Natural Gas Corporation Limited [ONGC]
2023-12-31 00:00:00+05:30,159.13905334472656,182.0595703125,184.9451904296875,155.9493865966797,14.4,-15.68,ONGC.NS,ONGC,48.15,22.0,Oil and Natural Gas Corporation Limited [ONGC]
2024-03-31 00:00:00+05:30,182.32594299316406,241.47923278808594,255.62290954589844,182.32594299316406,32.44,-28.67,ONGC.NS,ONGC,85.97,37.32,Oil and Natural Gas Corporation Limited [ONGC]
2024-06-30 00:00:00+05:30,243.14584350585938,247.01962280273438,257.7400207519531,212.87648010253906,1.59,-17.41,ONGC.NS,ONGC,79.26,47.81,Oil and Natural Gas Corporation Limited [ONGC]
2024-09-30 00:00:00+05:30,245.89352416992188,270.18255615234375,307.87359619140625,245.89352416992188,9.88,-20.13,ONGC.NS,ONGC,63.36,36.78,Oil and Natural Gas Corporation Limited [ONGC]
2024-12-31 00:00:00+05:30,265.0530700683594,222.5352325439453,268.0490417480469,216.3963165283203,-16.04,-19.27,ONGC.NS,ONGC,22.23,23.27,Oil and Natural Gas Corporation Limited [ONGC]
2025-03-31 00:00:00+05:30,220.39593505859375,233.72947692871094,252.37403869628906,211.7301788330078,6.05,-16.1,ONGC.NS,ONGC,-3.21,30.97,Oil and Natural Gas Corporation Limited [ONGC]
2025-06-30 00:00:00+05:30,235.33270263671875,231.6708984375,243.60496520996094,208.5521697998047,-1.56,-14.39,ONGC.NS,ONGC,-6.21,29.23,Oil and Natural Gas Corporation Limited [ONGC]
2025-09-30 00:00:00+05:30,230.87400817871094,228.3969268798828,233.75791931152344,220.60568237304688,-1.07,-5.63,ONGC.NS,ONGC,-15.47,11.78,Oil and Natural Gas Corporation Limited [ONGC]
2025-12-31 00:00:00+05:30,231.77279663085938,234.853515625,245.61012268066406,226.66616821289062,1.33,-7.71,ONGC.NS,ONGC,5.54,14.68,Oil and Natural Gas Corporation Limited [ONGC]
2026-03-31 00:00:00+05:30,232.4696044921875,284.6499938964844,284.6499938964844,226.09950256347656,22.45,-20.57,ONGC.NS,ONGC,21.79,32.93,Oil and Natural Gas Corporation Limited [ONGC]
2026-06-30 00:00:00+05:30,288.04998779296875,234.89999389648438,301.3999938964844,233.10000610351562,-18.45,-22.66,ONGC.NS,ONGC,1.39,25.89,Oil and Natural Gas Corporation Limited [ONGC]
2026-09-30 00:00:00+05:30,234.99000549316406,236.39999389648438,252.3699951171875,234.99000549316406,0.6,-6.89,ONGC.NS,ONGC,3.5,16.99,Oil and Natural Gas Corporation Limited [ONGC]
2021-09-30 00:00:00+05:30,21.853376388549805,25.21356773376465,25.21356773376465,21.853376388549805,15.38,-13.33,NHPC.NS,NHPC,,20.64,National Hydroelectric Power Corporation Limited [NHPC]
2021-12-31 00:00:00+05:30,24.580066680908203,26.14271354675293,29.98598289489746,24.580066680908203,6.36,-18.03,NHPC.NS,NHPC,,49.97,National Hydroelectric Power Corporation Limited [NHPC]
2022-03-31 00:00:00+05:30,26.353879928588867,24.552316665649414,27.071857452392578,24.066572189331055,-6.84,-11.1,NHPC.NS,NHPC,,23.18,National Hydroelectric Power Corporation Limited [NHPC]
2022-06-30 00:00:00+05:30,24.596477508544922,27.157690048217773,31.83852195739746,24.596477508544922,10.41,-22.75,NHPC.NS,NHPC,,41.9,National Hydroelectric Power Corporation Limited [NHPC]
2022-09-30 00:00:00+05:30,27.246009826660156,31.985048294067383,35.12083435058594,27.246009826660156,17.39,-22.42,NHPC.NS,NHPC,26.86,29.51,National Hydroelectric Power Corporation Limited [NHPC]
2022-12-31 00:00:00+05:30,31.805850982666016,35.61359786987305,40.630855560302734,31.805850982666016,11.97,-21.72,NHPC.NS,NHPC,36.23,37.57,National Hydroelectric Power Corporation Limited [NHPC]
2023-03-31 00:00:00+05:30,35.79278564453125,37.29170227050781,39.33174514770508,34.807247161865234,4.19,-11.5,NHPC.NS,NHPC,51.89,28.98,National Hydroelectric Power Corporation Limited [NHPC]
2023-06-30 00:00:00+05:30,37.38446044921875,42.62571334838867,42.62571334838867,37.15255355834961,14.02,-12.84,NHPC.NS,NHPC,56.96,21.92,National Hydroelectric Power Corporation Limited [NHPC]
2023-09-30 00:00:00+05:30,42.16188430786133,49.424068450927734,52.32586669921875,42.11550521850586,17.22,-19.51,NHPC.NS,NHPC,54.52,37.17,National Hydroelectric Power Corporation Limited [NHPC]
2023-12-31 00:00:00+05:30,49.7516975402832,60.4696044921875,61.499271392822266,46.33506774902344,21.54,-24.66,NHPC.NS,NHPC,69.79,31.39,National Hydroelectric Power Corporation Limited [NHPC]
2024-03-31 00:00:00+05:30,61.920501708984375,85.25299072265625,97.0228271484375,61.920501708984375,37.68,-36.18,NHPC.NS,NHPC,128.61,62.38,National Hydroelectric Power Corporation Limited [NHPC]
2024-06-30 00:00:00+05:30,86.0133285522461,95.7076416015625,107.54041290283203,82.82941436767578,11.27,-22.98,NHPC.NS,NHPC,124.53,46.27,National Hydroelectric Power Corporation Limited [NHPC]
2024-09-30 00:00:00+05:30,95.13738250732422,90.70658111572266,110.06854248046875,88.29920959472656,-4.66,-19.78,NHPC.NS,NHPC,83.53,28.21,National Hydroelectric Power Corporation Limited [NHPC]
2024-12-31 00:00:00+05:30,90.8021240234375,77.08387756347656,90.8021240234375,74.45677947998047,-15.11,-18.0,NHPC.NS,NHPC,27.48,29.92,National Hydroelectric Power Corporation Limited [NHPC]
2025-03-31 00:00:00+05:30,78.27802276611328,80.03858947753906,81.42125701904297,69.32676696777344,2.25,-14.85,NHPC.NS,NHPC,-6.12,38.1,National Hydroelectric Power Corporation Limited [NHPC]
2025-06-30 00:00:00+05:30,79.98017120361328,83.55366516113281,88.5390396118164,75.91981506347656,4.47,-14.25,NHPC.NS,NHPC,-12.7,31.14,National Hydroelectric Power Corporation Limited [NHPC]
2025-09-30 00:00:00+05:30,83.22261047363281,84.55694580078125,86.8001708984375,75.6526107788086,1.6,-12.84,NHPC.NS,NHPC,-6.78,23.59,National Hydroelectric Power Corporation Limited [NHPC]
2025-12-31 00:00:00+05:30,84.60592651367188,77.60196685791016,85.26224517822266,73.50733947753906,-8.28,-13.79,NHPC.NS,NHPC,0.67,16.71,National Hydroelectric Power Corporation Limited [NHPC]
2026-03-31 00:00:00+05:30,77.93501281738281,73.51881408691406,81.95127868652344,72.03288269042969,-5.67,-12.1,NHPC.NS,NHPC,-8.15,26.35,National Hydroelectric Power Corporation Limited [NHPC]
2026-06-30 00:00:00+05:30,75.18425750732422,81.10804748535156,85.14698791503906,71.93315124511719,7.88,-15.52,NHPC.NS,NHPC,-2.93,29.0,National Hydroelectric Power Corporation Limited [NHPC]
2026-09-30 00:00:00+05:30,79.35285186767578,76.1500015258789,80.77894592285156,76.1500015258789,-4.04,-5.73,NHPC.NS,NHPC,-9.94,15.69,National Hydroelectric Power Corporation Limited [NHPC]
2021-09-30 00:00:00+05:30,21.707801818847656,24.368488311767578,24.5416259765625,21.707801818847656,12.26,-11.55,SJVN.NS,SJVN,,16.75,Satluj Jal Vidyut Nigam [SJVN] Thermal Limited
2021-12-31 00:00:00+05:30,24.58490753173828,26.532657623291016,28.177417755126953,23.805809020996094,7.92,-15.51,SJVN.NS,SJVN,,38.01,Satluj Jal Vidyut Nigam [SJVN] Thermal Limited
2022-03-31 00:00:00+05:30,26.792356491088867,24.699983596801758,27.528169631958008,24.475032806396484,-7.81,-11.09,SJVN.NS,SJVN,,26.18,Satluj Jal Vidyut Nigam [SJVN] Thermal Limited
2022-06-30 00:00:00+05:30,25.14989471435547,24.2050838470459,26.54461097717285,23.260276794433594,-3.76,-12.37,SJVN.NS,SJVN,,22.65,Satluj Jal Vidyut Nigam [SJVN] Thermal Limited
2022-09-30 00:00:00+05:30,24.654993057250977,28.420284271240234,29.976306915283203,24.250078201293945,15.27,-19.1,SJVN.NS,SJVN,16.63,20.46,Satluj Jal Vidyut Nigam [SJVN] Thermal Limited
2022-12-31 00:00:00+05:30,29.015235900878906,31.349267959594727,37.61912155151367,28.328754425048828,8.04,-24.7,SJVN.NS,SJVN,18.15,46.97,Satluj Jal Vidyut Nigam [SJVN] Thermal Limited
2023-03-31 00:00:00+05:30,32.081512451171875,31.534561157226562,32.081512451171875,28.97385597229004,-1.7,-9.69,SJVN.NS,SJVN,27.67,25.65,Satluj Jal Vidyut Nigam [SJVN] Thermal Limited
2023-06-30 00:00:00+05:30,31.344879150390625,38.789878845214844,39.833133697509766,30.918092727661133,23.75,-22.38,SJVN.NS,SJVN,60.26,33.29,Satluj Jal Vidyut Nigam [SJVN] Thermal Limited
2023-09-30 00:00:00+05:30,40.165069580078125,69.90621185302734,77.53234100341797,39.833133697509766,74.05,-48.62,SJVN.NS,SJVN,145.97,73.47,Satluj Jal Vidyut Nigam [SJVN] Thermal Limited
2023-12-31 00:00:00+05:30,69.09390258789062,86.9168701171875,93.12863159179688,63.407745361328125,25.8,-31.91,SJVN.NS,SJVN,177.25,50.57,Satluj Jal Vidyut Nigam [SJVN] Thermal Limited
2024-03-31 00:00:00+05:30,88.78040313720703,117.11019134521484,143.96951293945312,86.86908721923828,31.91,-39.66,SJVN.NS,SJVN,271.37,84.75,Satluj Jal Vidyut Nigam [SJVN] Thermal Limited
2024-06-30 00:00:00+05:30,120.96884155273438,126.97870635986328,142.91494750976562,118.8465805053711,4.97,-16.84,SJVN.NS,SJVN,227.35,51.55,Satluj Jal Vidyut Nigam [SJVN] Thermal Limited
2024-09-30 00:00:00+05:30,127.12340545654297,128.4609832763672,148.34600830078125,121.75022888183594,1.05,-17.93,SJVN.NS,SJVN,83.76,35.42,Satluj Jal Vidyut Nigam [SJVN] Thermal Limited
2024-12-31 00:00:00+05:30,126.84202575683594,101.21963500976562,126.84202575683594,100.27926635742188,-20.2,-20.94,SJVN.NS,SJVN,16.46,37.14,Satluj Jal Vidyut Nigam [SJVN] Thermal Limited
2025-03-31 00:00:00+05:30,107.46283721923828,89.89202880859375,107.46283721923828,80.47982025146484,-16.35,-25.11,SJVN.NS,SJVN,-23.24,44.3,Satluj Jal Vidyut Nigam [SJVN] Thermal Limited
2025-06-30 00:00:00+05:30,89.59759521484375,98.66629791259766,103.19083404541016,87.26171875,10.12,-15.44,SJVN.NS,SJVN,-22.3,38.59,Satluj Jal Vidyut Nigam [SJVN] Thermal Limited
2025-09-30 00:00:00+05:30,98.58777618408203,88.93767547607422,98.58777618408203,88.65211486816406,-9.79,-10.08,SJVN.NS,SJVN,-30.77,23.62,Satluj Jal Vidyut Nigam [SJVN] Thermal Limited
2025-12-31 00:00:00+05:30,89.55802917480469,73.6158218383789,90.07007598876953,69.29300689697266,-17.8,-23.07,SJVN.NS,SJVN,-27.27,21.3,Satluj Jal Vidyut Nigam [SJVN] Thermal Limited
2026-03-31 00:00:00+05:30,73.59612274169922,63.349998474121094,86.30854034423828,63.349998474121094,-13.92,-26.6,SJVN.NS,SJVN,-29.53,47.16,Satluj Jal Vidyut Nigam [SJVN] Thermal Limited
2026-06-30 00:00:00+05:30,67.26000213623047,73.1500015258789,81.79000091552734,67.26000213623047,8.76,-17.77,SJVN.NS,SJVN,-25.86,33.08,Satluj Jal Vidyut Nigam [SJVN] Thermal Limited
2026-09-30 00:00:00+05:30,72.62999725341797,65.91000366210938,72.62999725341797,65.91000366210938,-9.25,-9.25,SJVN.NS,SJVN,-25.89,12.09,Satluj Jal Vidyut Nigam [SJVN] Thermal Limited
2021-09-30 00:00:00+05:30,34.55132293701172,39.852352142333984,40.38136291503906,34.508888244628906,15.34,-14.54,IRCON.NS,IRCON International,,29.26,Indian Railway Construction International Limited [IRCON]
2021-12-31 00:00:00+05:30,39.76417922973633,40.41537094116211,45.451080322265625,39.76417922973633,1.64,-12.51,IRCON.NS,IRCON International,,31.7,Indian Railway Construction International Limited [IRCON]
2022-03-31 00:00:00+05:30,40.59439468383789,36.216644287109375,42.697959899902344,35.80716323852539,-10.78,-16.14,IRCON.NS,IRCON International,,20.91,Indian Railway Construction International Limited [IRCON]
2022-06-30 00:00:00+05:30,36.8536262512207,32.80427551269531,39.53802490234375,32.16729736328125,-10.99,-18.64,IRCON.NS,IRCON International,,21.4,Indian Railway Construction International Limited [IRCON]
2022-09-30 00:00:00+05:30,32.80427551269531,36.504608154296875,39.17403793334961,32.80427551269531,11.28,-16.26,IRCON.NS,IRCON International,-8.4,21.71,Indian Railway Construction International Limited [IRCON]
2022-12-31 00:00:00+05:30,37.706024169921875,55.218990325927734,60.20949172973633,37.474979400634766,46.45,-37.76,IRCON.NS,IRCON International,36.63,62.96,Indian Railway Construction International Limited [IRCON]
2023-03-31 00:00:00+05:30,55.08036422729492,53.456398010253906,58.268741607666016,49.351715087890625,-2.95,-15.3,IRCON.NS,IRCON International,47.6,34.74,Indian Railway Construction International Limited [IRCON]
2023-06-30 00:00:00+05:30,55.46101379394531,79.70731353759766,83.00060272216797,54.41097640991211,43.72,-34.45,IRCON.NS,IRCON International,142.98,55.18,Indian Railway Construction International Limited [IRCON]
2023-09-30 00:00:00+05:30,79.75503540039062,139.58079528808594,154.5169677734375,75.74581146240234,75.01,-50.98,IRCON.NS,IRCON International,282.36,63.18,Indian Railway Construction International Limited [IRCON]
2023-12-31 00:00:00+05:30,140.88169860839844,165.16497802734375,171.4767303466797,128.0655059814453,17.24,-25.32,IRCON.NS,IRCON International,199.11,53.66,Indian Railway Construction International Limited [IRCON]
2024-03-31 00:00:00+05:30,168.20042419433594,213.3155517578125,238.2558135986328,167.95950317382812,26.82,-29.5,IRCON.NS,IRCON International,299.05,66.19,Indian Railway Construction International Limited [IRCON]
2024-06-30 00:00:00+05:30,220.6478271484375,261.8736267089844,281.3939514160156,211.03334045410156,18.68,-25.0,IRCON.NS,IRCON International,228.54,59.77,Indian Railway Construction International Limited [IRCON]
2024-09-30 00:00:00+05:30,263.427490234375,222.50479125976562,327.08709716796875,218.30751037597656,-15.53,-33.26,IRCON.NS,IRCON International,59.41,47.63,Indian Railway Construction International Limited [IRCON]
2024-12-31 00:00:00+05:30,219.7814483642578,209.87388610839844,230.50889587402344,179.92677307128906,-4.51,-21.94,IRCON.NS,IRCON International,27.07,44.75,Indian Railway Construction International Limited [IRCON]
2025-03-31 00:00:00+05:30,212.64605712890625,154.35479736328125,216.14053344726562,136.29347229003906,-27.41,-36.94,IRCON.NS,IRCON International,-27.64,66.17,Indian Railway Construction International Limited [IRCON]
2025-06-30 00:00:00+05:30,157.09703063964844,200.18380737304688,217.4658660888672,142.1527862548828,27.43,-34.63,IRCON.NS,IRCON International,-23.56,53.08,Indian Railway Construction International Limited [IRCON]
2025-09-30 00:00:00+05:30,200.8841552734375,169.6398468017578,200.8841552734375,158.1426544189453,-15.55,-21.28,IRCON.NS,IRCON International,-23.76,29.99,Indian Railway Construction International Limited [IRCON]
2025-12-31 00:00:00+05:30,172.2591552734375,176.257568359375,181.16879272460938,145.69898986816406,2.32,-19.58,IRCON.NS,IRCON International,-16.02,34.61,Indian Railway Construction International Limited [IRCON]
2026-03-31 00:00:00+05:30,176.58499145507812,115.33000183105469,177.81527709960938,115.23999786376953,-34.69,-35.19,IRCON.NS,IRCON International,-25.28,45.85,Indian Railway Construction International Limited [IRCON]
2026-06-30 00:00:00+05:30,125.4000015258789,131.07000732421875,161.35000610351562,124.95999908447266,4.52,-22.55,IRCON.NS,IRCON International,-34.53,39.54,Indian Railway Construction International Limited [IRCON]
2026-09-30 00:00:00+05:30,135.63999938964844,124.72000122070312,135.63999938964844,122.62000274658203,-8.05,-9.6,IRCON.NS,IRCON International,-26.48,23.74,Indian Railway Construction International Limited [IRCON]
2021-09-30 00:00:00+05:30,24.855302810668945,27.147563934326172,28.316165924072266,24.855302810668945,9.22,-12.22,RVNL.NS,RVNL,,33.76,RVNL - II
2021-12-31 00:00:00+05:30,26.967777252197266,31.656587600708008,38.698760986328125,26.967777252197266,17.39,-30.31,RVNL.NS,RVNL,,64.71,RVNL - II
2022-03-31 00:00:00+05:30,32.15763473510742,31.15056800842285,34.98167037963867,26.60064697265625,-3.13,-23.96,RVNL.NS,RVNL,,36.72,RVNL - II
2022-06-30 00:00:00+05:30,31.817401885986328,28.578506469726562,34.2465705871582,27.864042282104492,-10.18,-18.64,RVNL.NS,RVNL,,24.74,RVNL - II
2022-09-30 00:00:00+05:30,28.578506469726562,32.335140228271484,34.589969635009766,28.578506469726562,13.14,-17.38,RVNL.NS,RVNL,19.11,19.14,RVNL - II
2022-12-31 00:00:00+05:30,34.446048736572266,65.4858627319336,76.85594177246094,34.302120208740234,90.11,-55.37,RVNL.NS,RVNL,106.86,70.96,RVNL - II
2023-03-31 00:00:00+05:30,65.77371978759766,65.82168579101562,76.32821655273438,55.12326431274414,0.07,-27.78,RVNL.NS,RVNL,111.3,48.45,RVNL - II
2023-06-30 00:00:00+05:30,72.29830932617188,119.78237915039062,139.18927001953125,71.48619842529297,65.68,-48.64,RVNL.NS,RVNL,319.13,71.06,RVNL - II
2023-09-30 00:00:00+05:30,119.73324584960938,166.86965942382812,186.20803833007812,116.58883666992188,39.37,-37.39,RVNL.NS,RVNL,416.06,59.67,RVNL - II
2023-12-31 00:00:00+05:30,169.8732147216797,178.785400390625,181.05038452148438,148.8483123779297,5.25,-17.79,RVNL.NS,RVNL,173.01,35.89,RVNL - II
2024-03-31 00:00:00+05:30,179.22854614257812,249.04888916015625,303.5559997558594,178.0468292236328,38.96,-41.35,RVNL.NS,RVNL,278.37,71.37,RVNL - II
2024-06-30 00:00:00+05:30,257.7641296386719,410.2561340332031,410.2561340332031,247.17782592773438,59.16,-39.75,RVNL.NS,RVNL,242.5,59.37,RVNL - II
2024-09-30 00:00:00+05:30,408.6805114746094,525.3941650390625,620.4065551757812,404.74139404296875,28.56,-34.76,RVNL.NS,RVNL,214.85,71.3,RVNL - II
2024-12-31 00:00:00+05:30,518.7210693359375,417.8833312988281,518.7210693359375,403.64739990234375,-19.44,-22.18,RVNL.NS,RVNL,133.73,46.43,RVNL - II
2025-03-31 00:00:00+05:30,423.2218017578125,347.8406677246094,470.8725280761719,319.9125671386719,-17.81,-32.06,RVNL.NS,RVNL,39.67,63.12,RVNL - II
2025-06-30 00:00:00+05:30,346.1106262207031,393.168212890625,426.8302001953125,319.41827392578125,13.6,-25.17,RVNL.NS,RVNL,-4.17,45.67,RVNL - II
2025-09-30 00:00:00+05:30,391.3392639160156,337.3359680175781,391.3392639160156,300.7154235839844,-13.8,-23.16,RVNL.NS,RVNL,-35.79,26.36,RVNL - II
2025-12-31 00:00:00+05:30,342.255126953125,355.02508544921875,385.5339050292969,304.0445861816406,3.73,-21.14,RVNL.NS,RVNL,-15.04,35.47,RVNL - II
2026-03-31 00:00:00+05:30,359.2486267089844,248.874267578125,363.571533203125,248.874267578125,-30.72,-31.55,RVNL.NS,RVNL,-28.45,39.4,RVNL - II
2026-06-30 00:00:00+05:30,261.7939758300781,235.0972137451172,307.7408142089844,221.49960327148438,-10.2,-28.02,RVNL.NS,RVNL,-40.2,34.48,RVNL - II
2026-09-30 00:00:00+05:30,236.87168884277344,225.3000030517578,236.87168884277344,220.65223693847656,-4.89,-6.85,RVNL.NS,RVNL,-33.21,20.67,RVNL - II
2021-09-30 00:00:00+05:30,99.31249237060547,99.57533264160156,105.60845184326172,92.69750213623047,0.26,-12.23,SAIL.NS,SAIL,,38.89,Steel Authority of India Limited [SAIL]
2021-12-31 00:00:00+05:30,100.58291625976562,97.03804779052734,113.02435302734375,90.56584167480469,-3.52,-19.87,SAIL.NS,SAIL,,41.77,Steel Authority of India Limited [SAIL]
2022-03-31 00:00:00+05:30,99.66314697265625,91.42491912841797,102.28824615478516,76.9424819946289,-8.27,-24.78,SAIL.NS,SAIL,,44.07,Steel Authority of India Limited [SAIL]
2022-06-30 00:00:00+05:30,94.76463317871094,63.593902587890625,102.88202667236328,60.20779037475586,-32.89,-41.48,SAIL.NS,SAIL,,45.8,Steel Authority of India Limited [SAIL]
2022-09-30 00:00:00+05:30,64.8462905883789,73.3791732788086,80.35857391357422,64.01136016845703,13.16,-20.34,SAIL.NS,SAIL,-26.31,30.49,Steel Authority of India Limited [SAIL]
2022-12-31 00:00:00+05:30,72.66212463378906,79.02005767822266,84.23069763183594,71.4192123413086,8.75,-15.21,SAIL.NS,SAIL,-18.57,33.41,Steel Authority of India Limited [SAIL]
2023-03-31 00:00:00+05:30,85.04337310791016,79.99971771240234,89.01109313964844,78.1617660522461,-5.93,-12.19,SAIL.NS,SAIL,-12.5,33.18,Steel Authority of India Limited [SAIL]
2023-06-30 00:00:00+05:30,81.06379699707031,82.70829010009766,83.19196319580078,78.5486831665039,2.03,-5.58,SAIL.NS,SAIL,30.06,16.93,Steel Authority of India Limited [SAIL]
2023-09-30 00:00:00+05:30,84.64299774169922,91.25653076171875,99.39505004882812,81.59583282470703,7.81,-17.91,SAIL.NS,SAIL,24.36,32.68,Steel Authority of India Limited [SAIL]
2023-12-31 00:00:00+05:30,89.16593933105469,120.2330322265625,120.2330322265625,80.609130859375,34.84,-32.96,SAIL.NS,SAIL,52.16,37.25,Steel Authority of India Limited [SAIL]
2024-03-31 00:00:00+05:30,121.25401306152344,131.56556701660156,141.47923278808594,105.79340362548828,8.5,-25.22,SAIL.NS,SAIL,64.46,56.04,Steel Authority of India Limited [SAIL]
2024-06-30 00:00:00+05:30,137.9355926513672,145.67762756347656,170.86375427246094,130.38955688476562,5.61,-23.69,SAIL.NS,SAIL,76.13,62.02,Steel Authority of India Limited [SAIL]
2024-09-30 00:00:00+05:30,146.07943725585938,139.6102294921875,153.35105895996094,122.7259292602539,-4.43,-19.97,SAIL.NS,SAIL,52.99,37.13,Steel Authority of India Limited [SAIL]
2024-12-31 00:00:00+05:30,139.2843017578125,111.72966003417969,139.2843017578125,109.22109985351562,-19.78,-21.58,SAIL.NS,SAIL,-7.07,34.2,Steel Authority of India Limited [SAIL]
2025-03-31 00:00:00+05:30,111.53213500976562,113.75428771972656,115.78878021240234,98.78193664550781,1.99,-14.69,SAIL.NS,SAIL,-13.54,41.38,Steel Authority of India Limited [SAIL]
2025-06-30 00:00:00+05:30,115.43323516845703,130.35621643066406,133.3684539794922,103.33486938476562,12.93,-22.52,SAIL.NS,SAIL,-10.52,37.34,Steel Authority of India Limited [SAIL]
2025-09-30 00:00:00+05:30,131.6894989013672,134.47999572753906,137.3000030517578,117.19120788574219,2.12,-14.65,SAIL.NS,SAIL,-3.67,28.34,Steel Authority of India Limited [SAIL]
2025-12-31 00:00:00+05:30,134.9199981689453,146.99000549316406,146.99000549316406,125.91000366210938,8.95,-14.34,SAIL.NS,SAIL,31.56,30.26,Steel Authority of India Limited [SAIL]
2026-03-31 00:00:00+05:30,148.4499969482422,151.4199981689453,165.7100067138672,143.0399932861328,2.0,-13.68,SAIL.NS,SAIL,33.11,40.93,Steel Authority of India Limited [SAIL]
2026-06-30 00:00:00+05:30,155.82000732421875,173.49000549316406,206.05999755859375,155.16000366210938,11.34,-24.7,SAIL.NS,SAIL,33.09,39.95,Steel Authority of India Limited [SAIL]
2026-09-30 00:00:00+05:30,168.27000427246094,173.4600067138672,176.74000549316406,160.91000366210938,3.08,-8.96,SAIL.NS,SAIL,28.99,27.51,Steel Authority of India Limited [SAIL]
2021-09-30 00:00:00+05:30,87.21514129638672,123.51701354980469,123.91743469238281,87.21514129638672,41.62,-29.62,COALINDIA.NS,Coal India,,35.25,WCL - CIL; SECL - CIL; ECL - CIL; Mahanadi Coalfields Limited (MCL); South Eastern Coalfields Limited [SECL]; Eastern Coal Fields Limited [ECL]
2021-12-31 00:00:00+05:30,125.91929626464844,103.2774429321289,132.09178161621094,99.49425506591797,-17.98,-24.68,COALINDIA.NS,Coal India,,31.03,WCL - CIL; SECL - CIL; ECL - CIL; Mahanadi Coalfields Limited (MCL); South Eastern Coalfields Limited [SECL]; Eastern Coal Fields Limited [ECL]
2022-03-31 00:00:00+05:30,109.81846618652344,133.4292755126953,139.4064178466797,108.19206237792969,21.5,-22.39,COALINDIA.NS,Coal India,,44.37,WCL - CIL; SECL - CIL; ECL - CIL; Mahanadi Coalfields Limited (MCL); South Eastern Coalfields Limited [SECL]; Eastern Coal Fields Limited [ECL]
2022-06-30 00:00:00+05:30,135.68890380859375,135.28799438476562,150.8140411376953,121.7664794921875,-0.3,-19.26,COALINDIA.NS,Coal India,,42.58,WCL - CIL; SECL - CIL; ECL - CIL; Mahanadi Coalfields Limited (MCL); South Eastern Coalfields Limited [SECL]; Eastern Coal Fields Limited [ECL]
2022-09-30 00:00:00+05:30,133.57505798339844,156.8541717529297,176.51174926757812,132.44520568847656,17.43,-24.97,COALINDIA.NS,Coal India,26.99,23.18,WCL - CIL; SECL - CIL; ECL - CIL; Mahanadi Coalfields Limited (MCL); South Eastern Coalfields Limited [SECL]; Eastern Coal Fields Limited [ECL]
2022-12-31 00:00:00+05:30,158.84950256347656,177.05722045898438,189.03790283203125,158.84950256347656,11.46,-15.97,COALINDIA.NS,Coal India,71.44,22.72,WCL - CIL; SECL - CIL; ECL - CIL; Mahanadi Coalfields Limited (MCL); South Eastern Coalfields Limited [SECL]; Eastern Coal Fields Limited [ECL]
2023-03-31 00:00:00+05:30,176.82119750976562,172.2033233642578,181.27088928222656,167.6555938720703,-2.61,-7.51,COALINDIA.NS,Coal India,29.06,19.0,WCL - CIL; SECL - CIL; ECL - CIL; Mahanadi Coalfields Limited (MCL); South Eastern Coalfields Limited [SECL]; Eastern Coal Fields Limited [ECL]
2023-06-30 00:00:00+05:30,177.44232177734375,186.1875457763672,198.35824584960938,177.44232177734375,4.93,-10.54,COALINDIA.NS,Coal India,37.62,17.38,WCL - CIL; SECL - CIL; ECL - CIL; Mahanadi Coalfields Limited (MCL); South Eastern Coalfields Limited [SECL]; Eastern Coal Fields Limited [ECL]
2023-09-30 00:00:00+05:30,186.71142578125,242.1019287109375,242.1019287109375,183.04409790039062,29.67,-24.39,COALINDIA.NS,Coal India,54.35,26.86,WCL - CIL; SECL - CIL; ECL - CIL; Mahanadi Coalfields Limited (MCL); South Eastern Coalfields Limited [SECL]; Eastern Coal Fields Limited [ECL]
2023-12-31 00:00:00+05:30,239.39553833007812,322.5115966796875,326.75738525390625,236.03298950195312,34.72,-27.77,COALINDIA.NS,Coal India,82.15,30.69,WCL - CIL; SECL - CIL; ECL - CIL; Mahanadi Coalfields Limited (MCL); South Eastern Coalfields Limited [SECL]; Eastern Coal Fields Limited [ECL]
2024-03-31 00:00:00+05:30,327.4864807128906,376.63568115234375,411.7169189453125,321.9111328125,15.01,-21.81,COALINDIA.NS,Coal India,118.72,36.64,WCL - CIL; SECL - CIL; ECL - CIL; Mahanadi Coalfields Limited (MCL); South Eastern Coalfields Limited [SECL]; Eastern Coal Fields Limited [ECL]
2024-06-30 00:00:00+05:30,383.53326416015625,410.5163879394531,444.5271911621094,377.67681884765625,7.04,-15.04,COALINDIA.NS,Coal India,120.49,41.49,WCL - CIL; SECL - CIL; ECL - CIL; Mahanadi Coalfields Limited (MCL); South Eastern Coalfields Limited [SECL]; Eastern Coal Fields Limited [ECL]
2024-09-30 00:00:00+05:30,411.947998046875,447.0473327636719,472.1973571777344,411.947998046875,8.52,-12.76,COALINDIA.NS,Coal India,84.65,28.51,WCL - CIL; SECL - CIL; ECL - CIL; Mahanadi Coalfields Limited (MCL); South Eastern Coalfields Limited [SECL]; Eastern Coal Fields Limited [ECL]
2024-12-31 00:00:00+05:30,445.6014404296875,349.0336608886719,445.6014404296875,343.3549499511719,-21.67,-22.95,COALINDIA.NS,Coal India,8.22,22.82,WCL - CIL; SECL - CIL; ECL - CIL; Mahanadi Coalfields Limited (MCL); South Eastern Coalfields Limited [SECL]; Eastern Coal Fields Limited [ECL]
2025-03-31 00:00:00+05:30,351.0779724121094,367.1388244628906,374.33038330078125,326.5710144042969,4.57,-12.76,COALINDIA.NS,Coal India,-2.52,26.72,WCL - CIL; SECL - CIL; ECL - CIL; Mahanadi Coalfields Limited (MCL); South Eastern Coalfields Limited [SECL]; Eastern Coal Fields Limited [ECL]
2025-06-30 00:00:00+05:30,366.6317138671875,361.3763427734375,376.2666015625,345.3797302246094,-1.43,-8.21,COALINDIA.NS,Coal India,-11.97,20.44,WCL - CIL; SECL - CIL; ECL - CIL; Mahanadi Coalfields Limited (MCL); South Eastern Coalfields Limited [SECL]; Eastern Coal Fields Limited [ECL]
2025-09-30 00:00:00+05:30,359.3479919433594,369.76971435546875,379.0625915527344,343.44354248046875,2.9,-9.4,COALINDIA.NS,Coal India,-17.29,13.27,WCL - CIL; SECL - CIL; ECL - CIL; Mahanadi Coalfields Limited (MCL); South Eastern Coalfields Limited [SECL]; Eastern Coal Fields Limited [ECL]
2025-12-31 00:00:00+05:30,368.3947448730469,388.6027526855469,391.865478515625,360.4071350097656,5.49,-8.03,COALINDIA.NS,Coal India,11.34,14.72,WCL - CIL; SECL - CIL; ECL - CIL; Mahanadi Coalfields Limited (MCL); South Eastern Coalfields Limited [SECL]; Eastern Coal Fields Limited [ECL]
2026-03-31 00:00:00+05:30,390.0150146484375,444.5116882324219,463.9026184082031,390.0150146484375,13.97,-15.93,COALINDIA.NS,Coal India,21.07,33.14,WCL - CIL; SECL - CIL; ECL - CIL; Mahanadi Coalfields Limited (MCL); South Eastern Coalfields Limited [SECL]; Eastern Coal Fields Limited [ECL]
2026-06-30 00:00:00+05:30,443.4754943847656,433.2619323730469,475.30035400390625,427.0450134277344,-2.3,-10.15,COALINDIA.NS,Coal India,19.89,23.06,WCL - CIL; SECL - CIL; ECL - CIL; Mahanadi Coalfields Limited (MCL); South Eastern Coalfields Limited [SECL]; Eastern Coal Fields Limited [ECL]
2026-09-30 00:00:00+05:30,429.0186462402344,405.20001220703125,433.1139221191406,400.0,-5.55,-7.65,COALINDIA.NS,Coal India,9.58,14.77,WCL - CIL; SECL - CIL; ECL - CIL; Mahanadi Coalfields Limited (MCL); South Eastern Coalfields Limited [SECL]; Eastern Coal Fields Limited [ECL]
2021-09-30 00:00:00+05:30,160.72067260742188,174.431396484375,177.23037719726562,160.72067260742188,8.53,-9.32,BPCL.NS,BPCL,,22.44,Bharat Petroleum Corporation Limited [BPCL]
2021-12-31 00:00:00+05:30,174.77442932128906,157.3883819580078,186.6601104736328,146.99652099609375,-9.95,-21.25,BPCL.NS,BPCL,,28.02,Bharat Petroleum Corporation Limited [BPCL]
2022-03-31 00:00:00+05:30,157.65379333496094,148.71078491210938,163.55404663085938,137.8269500732422,-5.67,-15.73,BPCL.NS,BPCL,,30.83,Bharat Petroleum Corporation Limited [BPCL]
2022-06-30 00:00:00+05:30,154.93894958496094,127.6259994506836,164.5812530517578,122.51515197753906,-17.63,-25.56,BPCL.NS,BPCL,,29.02,Bharat Petroleum Corporation Limited [BPCL]
2022-09-30 00:00:00+05:30,131.74362182617188,128.3552703857422,146.14501953125,126.69487762451172,-2.57,-13.31,BPCL.NS,BPCL,-26.42,25.29,Bharat Petroleum Corporation Limited [BPCL]
2022-12-31 00:00:00+05:30,130.0397186279297,139.17787170410156,147.03164672851562,123.02818298339844,7.03,-16.33,BPCL.NS,BPCL,-11.57,21.77,Bharat Petroleum Corporation Limited [BPCL]
2023-03-31 00:00:00+05:30,140.588623046875,144.98922729492188,151.4533233642578,133.0296173095703,3.13,-12.16,BPCL.NS,BPCL,-2.5,22.65,Bharat Petroleum Corporation Limited [BPCL]
2023-06-30 00:00:00+05:30,138.9462890625,153.57994079589844,159.55975341796875,138.14614868164062,10.53,-13.42,BPCL.NS,BPCL,20.34,21.59,Bharat Petroleum Corporation Limited [BPCL]
2023-09-30 00:00:00+05:30,158.0437469482422,147.5856475830078,165.623779296875,145.00949096679688,-6.62,-12.45,BPCL.NS,BPCL,14.98,22.3,Bharat Petroleum Corporation Limited [BPCL]
2023-12-31 00:00:00+05:30,145.35015869140625,200.95689392089844,207.71266174316406,142.62498474121094,38.26,-31.34,BPCL.NS,BPCL,44.39,25.77,Bharat Petroleum Corporation Limited [BPCL]
2024-03-31 00:00:00+05:30,201.58116149902344,268.62628173828125,293.2414245605469,201.22445678710938,33.26,-31.38,BPCL.NS,BPCL,85.27,42.15,Bharat Petroleum Corporation Limited [BPCL]
2024-06-30 00:00:00+05:30,267.86822509765625,271.0788879394531,297.0541076660156,258.72674560546875,1.2,-12.9,BPCL.NS,BPCL,76.51,41.64,Bharat Petroleum Corporation Limited [BPCL]
2024-09-30 00:00:00+05:30,271.6139831542969,340.50982666015625,340.50982666015625,267.1101379394531,25.37,-21.56,BPCL.NS,BPCL,130.72,29.33,Bharat Petroleum Corporation Limited [BPCL]
2024-12-31 00:00:00+05:30,338.945068359375,269.17718505859375,338.945068359375,259.9269104003906,-20.58,-23.31,BPCL.NS,BPCL,33.95,26.73,Bharat Petroleum Corporation Limited [BPCL]
2025-03-31 00:00:00+05:30,271.80035400390625,261.3741149902344,273.27301025390625,222.73159790039062,-3.84,-18.49,BPCL.NS,BPCL,-2.7,29.23,Bharat Petroleum Corporation Limited [BPCL]
2025-06-30 00:00:00+05:30,267.12774658203125,311.5708312988281,313.35418701171875,256.8969421386719,16.64,-18.02,BPCL.NS,BPCL,14.94,28.98,Bharat Petroleum Corporation Limited [BPCL]
2025-09-30 00:00:00+05:30,311.6646728515625,323.5985412597656,333.7688903808594,293.6348571777344,3.83,-12.02,BPCL.NS,BPCL,-4.97,21.93,Bharat Petroleum Corporation Limited [BPCL]
2025-12-31 00:00:00+05:30,323.6462097167969,373.46502685546875,373.46502685546875,314.8333435058594,15.39,-15.7,BPCL.NS,BPCL,38.74,23.22,Bharat Petroleum Corporation Limited [BPCL]
2026-03-31 00:00:00+05:30,371.0335998535156,281.0,388.29998779296875,271.29998779296875,-24.27,-30.13,BPCL.NS,BPCL,7.51,34.16,Bharat Petroleum Corporation Limited [BPCL]
2026-06-30 00:00:00+05:30,281.25,303.54998779296875,318.04998779296875,277.45001220703125,7.93,-12.77,BPCL.NS,BPCL,-2.57,35.62,Bharat Petroleum Corporation Limited [BPCL]
2026-09-30 00:00:00+05:30,304.20001220703125,311.0,329.95001220703125,303.54998779296875,2.24,-8.0,BPCL.NS,BPCL,-3.89,21.01,Bharat Petroleum Corporation Limited [BPCL]
2021-09-30 00:00:00+05:30,134.33641052246094,164.05831909179688,164.05831909179688,134.33641052246094,22.12,-18.12,HINDPETRO.NS,HPCL,,29.57,Hindustan Petroleum Corporation Limited
2021-12-31 00:00:00+05:30,163.484130859375,159.87481689453125,192.13963317871094,151.42584228515625,-2.21,-21.19,HINDPETRO.NS,HPCL,,35.1,Hindustan Petroleum Corporation Limited
2022-03-31 00:00:00+05:30,162.36305236816406,147.2970428466797,179.3430938720703,144.61740112304688,-9.28,-19.36,HINDPETRO.NS,HPCL,,40.33,Hindustan Petroleum Corporation Limited
2022-06-30 00:00:00+05:30,151.5078582763672,118.77823638916016,164.93328857421875,114.51272583007812,-21.6,-30.57,HINDPETRO.NS,HPCL,,35.68,Hindustan Petroleum Corporation Limited
2022-09-30 00:00:00+05:30,124.93042755126953,124.91801452636719,144.75592041015625,123.72730255126953,-0.01,-14.53,HINDPETRO.NS,HPCL,-23.86,32.59,Hindustan Petroleum Corporation Limited
2022-12-31 00:00:00+05:30,124.7736587524414,135.80430603027344,145.47779846191406,116.60171508789062,8.84,-19.85,HINDPETRO.NS,HPCL,-15.06,29.3,Hindustan Petroleum Corporation Limited
2023-03-31 00:00:00+05:30,136.93048095703125,136.7572479248047,148.10552978515625,123.76298522949219,-0.13,-16.44,HINDPETRO.NS,HPCL,-7.16,26.21,Hindustan Petroleum Corporation Limited
2023-06-30 00:00:00+05:30,130.23123168945312,158.15440368652344,159.771484375,129.9424591064453,21.44,-18.67,HINDPETRO.NS,HPCL,33.15,26.33,Hindustan Petroleum Corporation Limited
2023-09-30 00:00:00+05:30,163.72752380371094,147.2392578125,176.69287109375,143.28323364257812,-10.07,-18.91,HINDPETRO.NS,HPCL,17.87,30.2,Hindustan Petroleum Corporation Limited
2023-12-31 00:00:00+05:30,146.921630859375,230.37356567382812,241.2021026611328,139.84698486328125,56.8,-42.02,HINDPETRO.NS,HPCL,69.64,47.97,Hindustan Petroleum Corporation Limited
2024-03-31 00:00:00+05:30,230.77783203125,282.6102294921875,341.6396179199219,230.77783203125,22.46,-32.45,HINDPETRO.NS,HPCL,106.65,47.5,Hindustan Petroleum Corporation Limited
2024-06-30 00:00:00+05:30,278.54022216796875,295.97869873046875,346.0363464355469,272.6283874511719,6.26,-21.21,HINDPETRO.NS,HPCL,87.15,49.28,Hindustan Petroleum Corporation Limited
2024-09-30 00:00:00+05:30,295.2657165527344,404.0542907714844,411.3457336425781,292.23553466796875,36.84,-28.96,HINDPETRO.NS,HPCL,174.42,30.65,Hindustan Petroleum Corporation Limited
2024-12-31 00:00:00+05:30,408.0439453125,374.8886413574219,408.0439453125,330.2688903808594,-8.13,-19.06,HINDPETRO.NS,HPCL,62.73,36.71,Hindustan Petroleum Corporation Limited
2025-03-31 00:00:00+05:30,378.1904296875,330.4981994628906,378.8324279785156,269.4154052734375,-12.61,-28.88,HINDPETRO.NS,HPCL,16.94,39.88,Hindustan Petroleum Corporation Limited
2025-06-30 00:00:00+05:30,331.736328125,401.76141357421875,402.6326904296875,323.5736083984375,21.11,-19.64,HINDPETRO.NS,HPCL,35.74,32.91,Hindustan Petroleum Corporation Limited
2025-09-30 00:00:00+05:30,403.96258544921875,417.3272399902344,417.3272399902344,353.79638671875,3.31,-15.22,HINDPETRO.NS,HPCL,3.28,23.04,Hindustan Petroleum Corporation Limited
2025-12-31 00:00:00+05:30,408.8564453125,474.5992126464844,474.5992126464844,408.8564453125,16.08,-13.85,HINDPETRO.NS,HPCL,26.6,25.15,Hindustan Petroleum Corporation Limited
2026-03-31 00:00:00+05:30,474.1712646484375,318.9671936035156,474.1712646484375,303.5133361816406,-32.73,-35.99,HINDPETRO.NS,HPCL,-3.49,42.27,Hindustan Petroleum Corporation Limited
2026-06-30 00:00:00+05:30,319.1098327636719,375.1240539550781,392.67010498046875,310.0277404785156,17.55,-21.05,HINDPETRO.NS,HPCL,-6.63,42.62,Hindustan Petroleum Corporation Limited
2026-09-30 00:00:00+05:30,372.8891906738281,363.25,387.0116271972656,362.4281311035156,-2.59,-6.35,HINDPETRO.NS,HPCL,-12.96,23.84,Hindustan Petroleum Corporation Limited
2021-09-30 00:00:00+05:30,16496.44921875,17618.150390625,17855.099609375,16496.44921875,6.8,-7.61,^NSEI,NIFTY 50,,9.89,
2021-12-31 00:00:00+05:30,17532.05078125,17354.05078125,18477.05078125,16614.19921875,-1.02,-10.08,^NSEI,NIFTY 50,,15.41,
2022-03-31 00:00:00+05:30,17625.69921875,17464.75,18308.099609375,15863.150390625,-0.91,-13.35,^NSEI,NIFTY 50,,21.87,
2022-06-30 00:00:00+05:30,17670.44921875,15780.25,18053.400390625,15293.5,-10.7,-15.29,^NSEI,NIFTY 50,,19.54,
2022-09-30 00:00:00+05:30,15752.0498046875,17094.349609375,18070.05078125,15752.0498046875,8.52,-12.83,^NSEI,NIFTY 50,-2.97,14.3,
2022-12-31 00:00:00+05:30,16887.349609375,18105.30078125,18812.5,16887.349609375,7.21,-10.23,^NSEI,NIFTY 50,4.33,11.97,
2023-03-31 00:00:00+05:30,18197.44921875,17359.75,18232.55078125,16945.05078125,-4.6,-7.06,^NSEI,NIFTY 50,-0.6,11.74,
2023-06-30 00:00:00+05:30,17398.05078125,19189.05078125,19189.05078125,17398.05078125,10.29,-9.33,^NSEI,NIFTY 50,21.6,7.8,
2023-09-30 00:00:00+05:30,19322.55078125,19638.30078125,20192.349609375,19253.80078125,1.63,-4.65,^NSEI,NIFTY 50,14.88,8.32,
2023-12-31 00:00:00+05:30,19528.75,21731.400390625,21778.69921875,18857.25,11.28,-13.41,^NSEI,NIFTY 50,20.03,10.6,
2024-03-31 00:00:00+05:30,21741.900390625,22326.900390625,22493.55078125,21238.80078125,2.69,-5.58,^NSEI,NIFTY 50,28.61,12.29,
2024-06-30 00:00:00+05:30,22462.0,24010.599609375,24044.5,21884.5,6.89,-8.98,^NSEI,NIFTY 50,25.13,18.5,
2024-09-30 00:00:00+05:30,24141.94921875,25810.849609375,26216.05078125,23992.55078125,6.91,-8.48,^NSEI,NIFTY 50,31.43,11.61,
2024-12-31 00:00:00+05:30,25796.900390625,23644.80078125,25796.900390625,23349.900390625,-8.34,-9.49,^NSEI,NIFTY 50,8.8,12.91,
2025-03-31 00:00:00+05:30,23742.900390625,23519.349609375,24188.650390625,22082.650390625,-0.94,-8.71,^NSEI,NIFTY 50,5.34,12.41,
2025-06-30 00:00:00+05:30,23165.69921875,25517.05078125,25637.80078125,22161.599609375,10.15,-13.56,^NSEI,NIFTY 50,6.27,16.91,
2025-09-30 00:00:00+05:30,25541.80078125,24611.099609375,25541.80078125,24363.30078125,-3.64,-4.61,^NSEI,NIFTY 50,-4.65,8.05,
2025-12-31 00:00:00+05:30,24836.30078125,26129.599609375,26215.55078125,24836.30078125,5.21,-5.26,^NSEI,NIFTY 50,10.51,7.67,
2026-03-31 00:00:00+05:30,26146.55078125,22331.400390625,26328.55078125,22331.400390625,-14.59,-15.18,^NSEI,NIFTY 50,-5.05,17.83,
2026-06-30 00:00:00+05:30,22679.400390625,23865.75,24576.599609375,22679.400390625,5.23,-7.72,^NSEI,NIFTY 50,-6.47,15.11,
2026-09-30 00:00:00+05:30,24005.849609375,24252.0,24774.30078125,23767.44921875,1.03,-4.06,^NSEI,NIFTY 50,-1.46,10.59,
2021-09-30 00:00:00+05:30,3457.449951171875,4096.7001953125,4113.7001953125,3457.449951171875,18.49,-15.95,^CNXPSE,NIFTY PSE (Public Sector),,19.41,
2021-12-31 00:00:00+05:30,4110.25,3835.25,4462.5498046875,3715.10009765625,-6.69,-16.75,^CNXPSE,NIFTY PSE (Public Sector),,22.34,
2022-03-31 00:00:00+05:30,3889.0,4086.25,4157.75,3692.35009765625,5.07,-11.19,^CNXPSE,NIFTY PSE (Public Sector),,22.66,
2022-06-30 00:00:00+05:30,4219.5,3819.949951171875,4469.89990234375,3648.35009765625,-9.47,-18.38,^CNXPSE,NIFTY PSE (Public Sector),,23.69,
2022-09-30 00:00:00+05:30,3732.14990234375,3990.60009765625,4339.25,3707.75,6.92,-14.55,^CNXPSE,NIFTY PSE (Public Sector),-2.59,16.23,
2022-12-31 00:00:00+05:30,3990.75,4367.0,4516.4501953125,3990.75,9.43,-11.64,^CNXPSE,NIFTY PSE (Public Sector),13.86,14.79,
2023-03-31 00:00:00+05:30,4428.7998046875,4474.0,4606.4501953125,4277.4501953125,1.02,-7.14,^CNXPSE,NIFTY PSE (Public Sector),9.49,12.96,
2023-06-30 00:00:00+05:30,4488.2001953125,5081.60009765625,5084.85009765625,4485.7998046875,13.22,-11.78,^CNXPSE,NIFTY PSE (Public Sector),33.03,9.8,
2023-09-30 00:00:00+05:30,5113.85009765625,5991.75,6001.7998046875,5104.4501953125,17.17,-14.95,^CNXPSE,NIFTY PSE (Public Sector),50.15,17.91,
2023-12-31 00:00:00+05:30,5949.39990234375,7854.9501953125,7900.39990234375,5738.0,32.03,-27.37,^CNXPSE,NIFTY PSE (Public Sector),79.87,18.91,
2024-03-31 00:00:00+05:30,7928.7001953125,9122.150390625,9666.5498046875,7928.7001953125,15.05,-17.98,^CNXPSE,NIFTY PSE (Public Sector),103.89,30.87,
2024-06-30 00:00:00+05:30,9292.349609375,10685.5,11331.7998046875,9292.349609375,14.99,-18.0,^CNXPSE,NIFTY PSE (Public Sector),110.28,43.63,
2024-09-30 00:00:00+05:30,10732.150390625,11286.0,11737.349609375,10634.400390625,5.16,-9.4,^CNXPSE,NIFTY PSE (Public Sector),88.36,20.85,
2024-12-31 00:00:00+05:30,11240.7998046875,9532.2001953125,11240.7998046875,9414.849609375,-15.2,-16.24,^CNXPSE,NIFTY PSE (Public Sector),21.35,21.27,
2025-03-31 00:00:00+05:30,9711.349609375,9342.7001953125,9779.5,8064.0498046875,-3.8,-17.54,^CNXPSE,NIFTY PSE (Public Sector),2.42,30.58,
2025-06-30 00:00:00+05:30,9304.2001953125,10093.650390625,10132.150390625,8891.5,8.48,-12.24,^CNXPSE,NIFTY PSE (Public Sector),-5.54,20.2,
2025-09-30 00:00:00+05:30,10086.7001953125,9800.849609375,10160.5,9202.4501953125,-2.83,-9.43,^CNXPSE,NIFTY PSE (Public Sector),-13.16,11.29,
2025-12-31 00:00:00+05:30,9828.099609375,9853.650390625,10093.2998046875,9428.7001953125,0.26,-6.58,^CNXPSE,NIFTY PSE (Public Sector),3.37,12.19,
2026-03-31 00:00:00+05:30,10130.0498046875,9559.0,10529.0498046875,9559.0,-5.64,-9.21,^CNXPSE,NIFTY PSE (Public Sector),2.32,22.49,
2026-06-30 00:00:00+05:30,9699.7998046875,9980.7001953125,10766.2998046875,9666.900390625,2.9,-10.21,^CNXPSE,NIFTY PSE (Public Sector),-1.12,14.13,
2026-09-30 00:00:00+05:30,10016.349609375,9938.5498046875,10039.0498046875,9804.25,-0.78,-2.34,^CNXPSE,NIFTY PSE (Public Sector),1.4,10.0,
