StockTicker,PSU_ShortName,total_projects,overrun_projects,total_original_cost_cr,total_revised_cost_cr,total_overrun_cr,avg_overrun_pct,max_overrun_pct,MarketCap_Cr,CurrentPrice,52WeekHigh,52WeekLow,PE_Ratio,DebtToEquity,ROE,TotalRevenue_Cr,TotalDebt_Cr,FreeCashFlow_Cr
ADANIT.NS,Adani Transmission,6,0,57625,0.0,0.0,,,,,,,,,,,,
BPCL.NS,BPCL,11,1,36717,36135.89,38.89,5.74,5.74,132877.39,311.0,391.65,266.6,7.6980195,54.332,0.0,493953.59,54424.42,0.0
COALINDIA.NS,Coal India,70,4,102855,8678.75,3177.08,25.27,101.01,249713.76,405.2,491.25,368.65,7.9622717,11.629,0.0,171735.9,14072.18,0.0
HINDPETRO.NS,HPCL,7,2,5764,5824.36,60.36,18.86,37.5,77293.15,363.25,508.45,316.2,46.273888,85.369,0.0,469343.25,55964.43,0.0
IRCON.NS,IRCON International,7,5,22371,30441.85,8744.61,42.16,79.02,11730.11,124.72,189.5,114.5,19.276663,85.833,0.0,9240.6,5725.63,0.0
NHPC.NS,NHPC,4,3,16793,33312.61,21801.61,145.3,314.88,76492.94,76.15,89.22,71.62,27.893774,113.111,0.0,12209.83,54751.0,0.0
NLCIL.NS,NLC India,11,1,57927,23593.9,4542.9,26.35,26.35,,,,,,,,,,
NTPC.NS,NTPC,12,6,167204,63507.86,14159.86,76.34,266.26,329686.66,340.0,414.4,315.55,10.318665,118.127,0.0,191061.24,123456.19,0.0
ONGC.NS,ONGC,14,8,49253,52162.48,3064.47,17.49,54.61,297397.81,236.4,307.5,227.65,6.8921285,42.548,0.0,704128.33,174316.49,0.0
POWERGRID.NS,Power Grid Corporation,75,3,154057,20647.32,6516.32,52.08,92.03,253348.44,272.4,324.95,250.0,12.971428,150.813,0.0,47033.37,151558.09,0.0
RVNL.NS,RVNL,12,3,72242,79550.91,7829.91,57.38,114.31,46975.5,225.3,400.7,220.16,52.88732,49.078,0.0,20824.58,4818.49,0.0
SAIL.NS,SAIL,16,1,12246,1752.3,718.3,69.47,69.47,71648.09,173.46,209.7,118.1,16.88997,52.899,0.0,111134.76,31927.71,0.0
SJVN.NS,SJVN,8,4,24645,23393.71,7840.71,80.78,119.75,25960.23,66.06,101.45,63.02,37.53409,226.528,0.0,5005.22,32278.49,0.0
