Ticker,CompanyName,MarketCap_Cr,Sector,Industry,CurrentPrice,52WeekHigh,52WeekLow,PE_Ratio,BookValue,DividendYield,DebtToEquity,ROE,RevenueGrowth,EarningsGrowth,TotalRevenue_Cr,TotalDebt_Cr,FreeCashFlow_Cr,PAIMANA_Companies
NTPC.NS,NTPC,329686.66,Utilities,Utilities - Regulated Electric,340.0,414.4,315.55,10.318665,209.444,363.0,118.127,0,8.0,-1.6,191061.24,123456.19,0,National Thermal Power Corporation [NTPC]
POWERGRID.NS,Power Grid Corporation,253348.44,Utilities,Utilities - Regulated Electric,272.4,324.95,250.0,12.971428,108.051,463.0,150.813,0,2.7,-0.8,47033.37,151558.09,0,Power Grid Corporation of India Limited [POWERGRID]
ONGC.NS,ONGC,297397.81,Energy,Oil & Gas Integrated,236.4,307.5,227.65,6.8921285,295.5,608.0,42.548,0,25.7,21.4,704128.33,174316.49,0,Oil and Natural Gas Corporation Limited [ONGC]
NHPC.NS,NHPC,76492.94,Utilities,Utilities - Renewable,76.15,89.22,71.62,27.893774,41.149,211.0,113.111,0,18.5,2.8,12209.83,54751.0,0,National Hydroelectric Power Corporation Limited [NHPC]
SJVN.NS,SJVN,25960.23,Utilities,Utilities - Renewable,66.06,101.45,63.02,37.53409,36.207,228.0,226.528,0,52.0,-1.7,5005.22,32278.49,0,Satluj Jal Vidyut Nigam [SJVN] Thermal Limited
IRCON.NS,IRCON International,11730.11,Industrials,Engineering & Construction,124.72,189.5,114.5,19.276663,70.683,174.0,85.833,0,9.5,-43.4,9240.6,5725.63,0,Indian Railway Construction International Limited [IRCON]
RVNL.NS,RVNL,46975.5,Industrials,Engineering & Construction,225.3,400.7,220.16,52.88732,47.253,151.0,49.078,0,10.6,16.9,20824.58,4818.49,0,RVNL - II
SAIL.NS,SAIL,71648.09,Basic Materials,Steel,173.46,209.7,118.1,16.88997,146.001,91.0,52.899,0,1.3,121.1,111134.76,31927.71,0,Steel Authority of India Limited [SAIL]
COALINDIA.NS,Coal India,249713.76,Energy,Thermal Coal,405.2,491.25,368.65,7.9622717,193.28,522.0,11.629,0,45.1,1.2,171735.9,14072.18,0,WCL - CIL; SECL - CIL; ECL - CIL; Mahanadi Coalfields Limited (MCL); South Eastern Coalfields Limited [SECL]; Eastern Coal Fields Limited [ECL]
BPCL.NS,BPCL,132877.39,Energy,Oil & Gas Refining & Marketing,311.0,391.65,266.6,7.6980195,234.373,648.0,54.332,0,34.4,0.0,493953.59,54424.42,0,Bharat Petroleum Corporation Limited [BPCL]
HINDPETRO.NS,HPCL,77293.15,Energy,Oil & Gas Refining & Marketing,363.25,508.45,316.2,46.273888,308.041,668.0,85.369,0,26.9,0.0,469343.25,55964.43,0,Hindustan Petroleum Corporation Limited
